RegionID,SizeRank,RegionName,RegionType,StateName,2018-01-31,2018-02-28,2018-03-31,2018-04-30,2018-05-31,2018-06-30,2018-07-31,2018-08-31,2018-09-30,2018-10-31,2018-11-30,2018-12-31,2019-01-31,2019-02-28,2019-03-31,2019-04-30,2019-05-31,2019-06-30,2019-07-31,2019-08-31,2019-09-30,2019-10-31,2019-11-30,2019-12-31,2020-01-31,2020-02-29,2020-03-31,2020-04-30,2020-05-31,2020-06-30,2020-07-31,2020-08-31,2020-09-30,2020-10-31,2020-11-30,2020-12-31,2021-01-31,2021-02-28,2021-03-31,2021-04-30,2021-05-31,2021-06-30,2021-07-31,2021-08-31,2021-09-30,2021-10-31,2021-11-30,2021-12-31,2022-01-31,2022-02-28,2022-03-31,2022-04-30,2022-05-31,2022-06-30,2022-07-31,2022-08-31,2022-09-30,2022-10-31,2022-11-30,2022-12-31,2023-01-31,2023-02-28,2023-03-31,2023-04-30,2023-05-31,2023-06-30,2023-07-31,2023-08-31,2023-09-30
102001,0,United States,country,,314900.0,314713.0,321430.0,319947.0,329000.0,333000.0,330573.0,334312.5,330482.5,330995.0,339000.0,342500.0,325582.0,327895.0,330000.0,330000.0,336501.0,332875.0,334000.0,331975.5,329400.0,330796.5,333200.0,337995.0,325799.0,327365.0,324016.0,318623.0,314900.0,321000.0,330000.0,337240.0,337934.5,343815.0,340000.0,345500.0,337990.0,343206.5,350000.0,355000.0,360000.0,366170.0,372802.0,378860.0,384175.0,396818.0,399900.0,412480.0,409248.5,410220.0,415000.0,423000.0,427000.0,430000.0,431990.0,430000.0,429900.0,430000.0,429512.0,425155.5,410255.0,409950.0,412000.0,418500.0,420000.0,417240.0,414990.0,418750.0,417950.0
394913,1,"New York, NY",msa,NY,577855.0,610000.0,584900.0,570750.0,600000.0,661861.0,647000.0,650000.0,575000.0,653334.5,600000.0,645000.0,619000.0,589500.0,635000.0,630000.0,662880.0,660000.0,645000.0,665000.0,642500.0,617000.0,659000.0,660931.0,599021.0,580000.0,641498.0,678750.0,641910.0,669000.0,672000.0,658926.0,639000.0,679995.0,699999.5,727000.0,612160.0,675000.0,717000.0,735000.0,760000.0,748690.0,729000.0,760000.0,770000.0,761475.0,749320.0,720000.0,729500.0,732290.0,778000.0,765000.0,750000.0,773650.0,775000.0,835540.0,754615.0,800000.0,789000.0,760970.0,834900.0,790000.0,799000.0,849000.0,899990.0,935000.0,880000.0,908000.0,922706.0
753899,2,"Los Angeles, CA",msa,CA,895000.0,790000.0,850000.0,865000.0,933750.0,906152.0,865250.0,969000.0,968500.0,930250.0,859000.0,881000.0,890488.5,899961.0,855000.0,900000.0,920000.0,851900.0,969500.0,1001975.0,919755.5,1145562.0,1100000.0,874000.0,964995.0,920000.0,1150000.0,1000000.0,975000.0,935000.0,1088000.0,991700.0,1089383.0,1067000.0,1157752.5,1028899.0,1227000.0,1123000.0,1170792.0,1210000.0,1246750.0,1281500.0,1260000.0,1299000.0,1334727.0,1271000.0,1240000.0,1250000.0,1349000.0,1210245.0,1298600.0,1580000.0,1599900.0,1625000.0,1500000.0,1500000.0,1570000.0,1488000.0,1320000.0,1108459.0,1275000.0,1188536.5,1400000.0,1317500.0,1500000.0,1351500.0,1344000.0,1586990.0,1599439.0
394463,3,"Chicago, IL",msa,IL,362000.0,393227.0,367859.0,409000.0,406400.0,398490.0,403415.0,378245.0,383620.0,347303.0,353840.0,354000.0,378900.0,379900.0,382000.0,423509.0,430000.0,425000.0,436990.0,412654.0,395900.0,426287.5,365386.0,390110.0,389000.0,410000.0,393500.0,420000.0,374250.0,430000.0,388000.0,407500.0,412605.0,396555.5,366627.0,395000.0,429770.0,374000.0,431530.0,464820.0,412993.5,417890.0,462258.5,404260.0,397600.0,439850.0,405000.0,428905.0,408995.0,428364.0,429000.0,445800.0,411750.0,476075.0,458990.0,418319.0,430540.0,432505.0,436052.5,435302.0,419626.0,411048.0,450000.0,468327.5,488262.0,478450.0,458258.5,439900.0,438985.0
394514,4,"Dallas, TX",msa,TX,330616.5,325951.5,328474.0,326474.0,355021.5,359995.0,357840.0,355035.0,345428.5,356506.0,345990.0,341836.5,325414.0,327820.0,326935.5,331000.0,348659.0,342490.0,343672.5,329995.0,324542.5,331460.0,333082.0,344652.5,342847.5,339900.0,328977.0,322615.0,330381.0,330745.0,333209.0,337185.0,329000.0,332577.0,335000.0,323950.0,325300.0,329400.0,335409.0,350000.0,356773.0,350470.0,376237.0,382333.0,385925.0,385000.0,392344.5,397662.5,399161.0,407744.0,419070.0,427255.0,444321.5,464900.0,459190.0,443925.0,437177.0,445047.5,430000.0,431168.5,433949.5,412397.5,428990.0,439990.0,439999.0,437300.0,430000.0,429464.0,439759.0
394692,5,"Houston, TX",msa,TX,286000.0,278493.0,296000.0,293887.0,301270.0,306859.5,309367.0,300000.0,305000.0,297000.0,293192.0,307175.5,300000.0,296000.0,300000.0,299503.5,305000.0,304941.0,300000.0,317990.0,303269.0,294992.5,305000.0,309900.0,289000.0,305930.5,291740.0,298815.0,289999.0,304895.0,299999.0,296000.0,297410.0,300000.0,296990.0,305000.0,291852.5,292450.0,308999.0,307092.0,307725.5,321462.5,325000.0,326997.5,330000.0,336889.0,333770.0,340660.0,350607.5,355000.0,360900.0,364900.0,360932.5,365055.0,367407.0,375000.0,364515.5,364839.5,365000.0,365000.0,340495.0,338000.0,350000.0,357969.0,360000.0,355390.0,356890.0,359515.0,352245.0
395209,6,"Washington, DC",msa,VA,499155.0,479834.0,500035.0,487360.0,488400.0,510957.0,506152.5,531170.0,540000.0,529657.0,495161.5,550000.0,452169.0,444750.0,475000.0,525000.0,519340.0,525017.5,529532.0,539500.0,542300.0,499990.0,545000.0,542990.0,585000.0,548979.0,549000.0,549999.0,550327.0,534990.0,599700.0,583025.0,597053.0,549990.0,545000.0,569148.0,529950.0,576685.0,564990.0,564915.0,562325.0,557740.0,577905.0,574457.5,588530.0,593895.0,597617.5,613769.0,615887.0,614724.5,627810.0,615000.0,639565.0,625000.0,607089.0,587910.0,575705.0,579082.5,585990.0,587140.0,543795.0,575000.0,583327.5,570000.0,599990.0,598700.0,609000.0,608308.0,589990.0
394974,7,"Philadelphia, PA",msa,PA,410221.0,385000.0,400000.0,430000.0,416000.0,429900.0,441999.0,430000.0,406439.0,430250.0,436180.0,420000.0,420753.0,421718.0,430000.0,431630.0,423000.0,434000.0,415070.0,409995.0,413510.5,400000.0,404403.5,420000.0,387957.5,379000.0,405500.0,410997.5,417900.0,419900.0,414995.0,421175.0,429000.0,439990.0,421914.0,425048.5,436870.0,444105.0,450000.0,458493.5,474945.0,475707.5,512417.0,485000.0,482565.0,485000.0,500000.0,515231.0,514521.0,488000.0,512965.0,505783.0,515523.0,539610.0,530791.0,489945.0,529060.0,542000.0,503190.0,527525.0,507140.0,483695.0,530000.0,549995.0,533765.0,549321.0,513296.0,510000.0,522030.0
394856,8,"Miami, FL",msa,FL,440500.0,402000.0,358750.0,369500.0,355000.0,375000.0,369300.0,372000.0,359500.0,350000.0,372450.0,367000.0,340000.0,370000.0,386400.0,412300.0,438932.0,415000.0,451422.5,436900.0,500000.0,450475.0,492000.0,455792.0,499000.0,420804.0,485450.0,428500.0,431650.0,429999.0,498560.0,486672.0,463745.0,492930.0,506250.0,490250.0,457000.0,440000.0,570000.0,465000.0,645000.0,514102.5,553000.0,480000.0,511568.0,507583.0,546362.0,620000.0,560005.0,640000.0,650000.0,652450.0,600000.0,620000.0,565650.5,589595.0,556442.5,580923.5,577000.0,619000.0,672250.0,616450.0,726995.0,752263.0,712245.0,745000.0,776425.0,627519.5,700000.0
394347,9,"Atlanta, GA",msa,GA,249090.0,260310.0,279285.0,271675.0,279900.0,284260.0,278000.0,271715.0,300068.0,305119.0,299990.0,289900.0,279000.0,286000.0,292960.0,298657.5,306900.0,304995.0,309662.5,300000.0,315590.0,305006.0,301694.5,309900.0,294967.5,309900.0,305470.0,308000.0,296990.0,309945.0,303000.0,301892.0,319900.0,314437.5,317042.5,330540.0,303420.0,316010.0,339000.0,324049.0,361390.0,355150.0,360000.0,364800.0,356398.0,372465.0,375000.0,399185.0,399900.0,399900.0,419945.0,432000.0,445000.0,465020.0,450000.0,448362.5,456032.0,449900.0,444240.0,445000.0,426180.0,440624.5,432420.0,437980.0,450000.0,434950.0,437017.5,439720.0,451059.0
394404,10,"Boston, MA",msa,MA,607000.0,599900.0,619000.0,604933.0,566700.0,579800.0,650000.0,666666.5,654703.0,649000.0,650000.0,681000.0,641836.0,601300.0,648450.0,650000.0,677405.0,645000.0,697500.0,654900.0,649000.0,682450.0,638000.0,622450.0,679900.0,660000.0,660000.0,650900.0,642500.0,599900.0,700000.0,673000.0,645000.0,639000.0,654950.0,650000.0,726073.0,690000.0,700596.0,690000.0,715000.0,669000.0,679900.0,694524.5,770323.0,797500.0,749450.0,846770.0,760000.0,786212.5,736084.0,833500.0,850000.0,809900.0,824000.0,846402.5,816038.0,841900.0,867417.0,820000.0,825000.0,840000.0,849900.0,867900.0,890000.0,848995.0,902500.0,885172.5,872500.0
394976,11,"Phoenix, AZ",msa,AZ,316390.0,330000.0,309995.0,308845.0,337990.0,314420.0,313900.0,320222.0,313000.0,333046.0,329990.0,318160.0,332836.0,332990.0,334790.0,342300.5,350000.0,343490.0,339990.0,329211.5,319875.0,336745.0,315000.0,330000.0,332999.0,321540.0,317085.0,318782.5,317990.0,330540.0,342322.0,360202.0,358900.0,365972.5,353950.0,351336.5,355000.0,356015.0,373450.5,394815.5,395000.0,387780.0,400900.0,408990.0,420000.0,439900.0,430000.0,430533.0,460000.0,447085.0,470000.0,463500.0,469397.5,469900.0,461956.0,459999.0,462990.0,452000.0,449550.0,437154.5,435000.0,434888.0,433296.0,449571.0,449995.0,451676.0,443610.0,435868.0,435000.0
395057,12,"San Francisco, CA",msa,CA,835000.0,918000.0,848725.0,886500.0,929000.0,953750.0,980750.0,965137.0,990000.0,1079000.0,999999.0,1125000.0,1070000.0,1132500.0,1145750.0,1250000.0,1150000.0,1151000.0,1156000.0,1125880.0,950000.0,1089000.0,1025000.0,803000.0,999880.0,804460.0,1057500.0,1150000.0,989000.0,848500.0,999372.0,1104500.0,1102961.5,1020000.0,990000.0,978500.0,972000.0,1048284.5,1000000.0,1223000.0,1225000.0,1286940.0,1449500.0,1368463.0,1265000.0,1350000.0,949500.0,972463.5,900000.0,949935.0,957500.0,958000.0,994305.0,1220000.0,1198585.0,1306500.0,909165.0,992500.0,973958.0,1215265.0,1238000.0,1145000.0,1175000.0,1200000.0,1013000.0,1218274.0,1150000.0,1135927.5,1084860.0
395025,13,"Riverside, CA",msa,CA,456000.0,436750.0,447750.0,449750.0,441750.0,450000.0,430000.0,456500.0,440036.5,454750.0,479000.0,439000.0,457218.0,455000.0,445000.0,446000.0,437500.0,441282.5,440000.0,444150.0,440990.0,448000.0,440000.0,450000.0,438500.0,434807.0,444240.0,456500.0,442445.0,455000.0,464000.0,470000.0,469940.0,493490.0,456245.0,496500.0,465990.0,485000.0,504023.0,484000.0,515000.0,511731.5,546685.0,522000.0,540899.5,559000.0,581898.5,545000.0,510000.0,551000.0,563614.0,580000.0,590000.0,607990.0,604250.0,603972.5,584995.0,567580.0,566227.5,563000.0,585000.0,576926.0,565000.0,558830.0,570000.0,569785.0,569079.5,573909.0,567637.5
394532,14,"Detroit, MI",msa,MI,321997.5,334205.0,325965.0,355000.0,338210.0,330000.0,320420.0,350565.0,338940.0,310900.0,343755.0,355641.0,337905.0,339595.0,352530.0,332900.0,365000.0,356400.0,351641.0,352290.0,350155.5,365000.0,322619.5,342130.0,378500.0,334825.0,340121.0,347345.0,373000.0,365065.0,360000.0,373911.5,374938.5,385000.0,320596.0,367800.0,329900.0,359140.0,351795.0,399900.0,369365.0,350000.0,409450.0,371873.0,428000.0,429598.5,430330.0,412410.0,352175.0,419610.0,458225.0,408780.0,439446.0,391570.0,430225.0,403238.0,415860.0,387900.0,452025.0,443731.0,429995.0,465450.0,390000.0,415900.0,435412.0,435000.0,430995.0,472673.0,434990.0
395078,15,"Seattle, WA",msa,WA,599990.0,555000.0,544669.0,604986.5,579594.5,603038.0,588966.5,569950.0,609744.5,610725.0,589815.0,617557.5,599000.0,609950.0,604700.0,600000.0,636000.0,649950.0,634915.0,625000.0,645000.0,645000.0,629950.0,654950.0,641684.0,667000.0,660000.0,658000.0,639139.5,699900.0,680000.0,669999.5,699972.5,699880.0,678769.0,697999.0,668140.0,665440.0,684997.5,699900.0,714990.0,709855.0,740000.0,746722.5,734950.0,763384.5,749950.0,754950.0,769990.0,759950.0,789950.0,822000.0,844475.0,841383.0,911942.0,829975.0,850000.0,809950.0,782500.0,799995.0,800000.0,751940.0,750000.0,819475.0,824995.0,827450.0,795000.0,799745.0,829990.0
394865,16,"Minneapolis, MN",msa,MN,357360.5,371245.0,354532.0,359900.0,392757.0,384000.0,370100.0,376933.0,376133.0,369193.0,394269.0,408972.0,378100.0,393260.0,365900.0,367000.0,385103.0,378700.0,378000.0,391566.5,390000.0,385263.0,399900.0,408995.0,391381.0,385100.0,389900.0,389490.0,392750.0,403500.0,394995.0,401854.5,405000.0,400278.0,408830.0,418925.0,393120.0,414990.0,433673.0,434990.0,419427.0,429540.0,431831.5,441100.0,442530.0,469018.0,476000.0,476555.0,476180.0,484602.5,479900.0,473945.0,485313.5,495142.5,487806.0,499900.0,506298.5,503885.0,516893.0,528109.5,518500.0,485132.5,463400.0,448988.0,459210.0,470000.0,492660.0,487000.0,485000.0
395056,17,"San Diego, CA",msa,CA,731250.0,639500.0,735250.0,847500.0,736000.0,815000.0,820000.0,721000.0,720500.0,800000.0,783000.0,706250.0,667500.0,704000.0,795000.0,728000.0,758000.0,722586.0,792976.0,767500.0,685000.0,771750.0,704950.0,696000.0,749000.0,752000.0,764000.0,772000.0,830000.0,642000.0,794265.0,747230.0,827504.0,900000.0,984900.0,845952.5,900000.0,990000.0,893407.5,944950.0,930000.0,846000.0,963556.0,865500.0,926055.0,1065000.0,860000.0,1111914.0,1390795.0,1025000.0,892500.0,,1875000.0,1250000.0,1056962.5,1275260.0,1300000.0,997500.0,786655.5,839475.0,936000.0,765005.5,959900.0,851490.0,910000.0,1008789.0,1182500.0,920000.0,832417.0
395148,18,"Tampa, FL",msa,FL,271695.0,269347.0,279899.5,292873.0,272000.0,286241.0,267900.0,279500.0,266400.0,281985.0,274990.0,280500.0,279055.0,274500.0,274200.0,269040.0,266000.0,265515.0,277000.0,258245.0,278000.0,289200.0,288970.0,300500.0,278720.0,284140.0,282420.0,286990.0,285495.0,292190.0,290000.0,308220.0,290990.0,297775.0,290410.0,307807.0,289490.0,311601.5,306990.0,315000.0,305371.0,320990.0,335495.0,349000.0,350000.0,366762.5,368985.0,389000.0,381290.0,399990.0,395745.0,414665.0,413107.5,430000.0,431490.0,434260.0,437970.0,410000.0,400200.0,409990.0,400000.0,386142.5,390125.0,404490.0,396489.0,404990.0,409990.0,409990.0,427550.0
394530,19,"Denver, CO",msa,CO,490076.5,499900.0,499900.0,509767.5,509300.5,516200.5,525000.0,505000.0,509900.0,507270.0,481800.0,474000.0,495025.0,503229.5,495865.5,529925.0,546250.0,540000.0,530000.0,525950.0,506850.0,516300.0,499900.0,486703.5,497000.0,506196.0,497725.0,509482.5,503425.0,500652.0,505677.5,510000.0,515000.0,523000.0,531635.0,492900.0,507755.0,497350.0,517000.0,550000.0,522185.0,539000.0,539000.0,575875.0,541647.5,585000.0,615000.0,595000.0,583750.0,606630.0,623100.0,644438.0,661185.0,655000.0,665000.0,678480.0,662900.0,668385.0,650000.0,662597.5,628115.0,645000.0,628490.0,652666.0,653839.0,642415.0,659995.0,640000.0,625650.0
394358,20,"Baltimore, MD",msa,MD,421490.0,454333.0,415000.0,455884.5,454535.0,426143.0,430000.0,389563.5,427793.0,419663.0,408900.0,440000.0,408000.0,431358.5,412495.0,429250.0,411340.0,419301.5,415000.0,415890.0,437265.0,479995.0,405395.0,395983.5,425000.0,443530.0,429990.0,430340.0,424500.0,440650.0,445000.0,446348.0,470000.0,463754.815,451458.5,477495.0,450000.0,481583.0,464500.0,500862.0,486383.0,493190.0,528452.0,527767.5,524314.5,540078.0,540870.0,581997.5,509247.0,515874.0,561091.5,590850.0,575000.0,520215.0,505655.0,533295.0,535000.0,568995.0,541240.0,521945.0,524990.0,566935.0,562450.5,581575.0,565000.0,610000.0,552862.5,563267.5,558877.5
395121,21,"St. Louis, MO",msa,MO,275961.5,279450.0,270621.5,283728.0,251984.5,287022.5,286085.0,275000.0,295000.0,303800.0,301457.16500000004,322979.0,266500.0,285000.0,275000.0,263704.0,270417.5,304419.0,285137.0,294824.5,285750.0,313682.0,306219.5,268301.0,268950.0,270000.0,289500.0,275603.0,282400.0,293950.0,295000.0,303939.0,285000.0,306585.0,315000.0,290177.5,298971.0,297500.0,306028.0,329000.0,319900.0,321891.0,320000.0,323125.55,331716.0,336900.0,351400.0,364900.0,347301.0,369775.0,368120.0,370806.0,419950.0,393066.0,366660.0,366549.5,371005.5,410000.0,377960.0,370053.0,366860.0,321410.0,366340.0,382434.0,366680.0,385000.0,362500.0,379900.0,353783.5
394943,22,"Orlando, FL",msa,FL,307050.0,306000.0,328000.0,330000.0,315000.0,328300.0,332000.0,335999.0,329500.0,317503.5,319600.0,325196.0,314550.0,328975.0,319450.0,321700.0,296775.0,295000.0,310990.0,310000.0,302200.0,299900.0,323500.0,305000.0,301400.0,310000.0,307200.0,314950.0,312300.0,320000.0,316325.0,336871.0,325000.0,343175.0,329952.5,324250.0,329995.0,340490.0,342100.0,338902.5,350000.0,365320.0,372198.0,375000.0,390120.0,401597.0,389950.0,385990.0,396250.0,393386.0,402006.0,427295.0,416095.0,422245.0,424950.0,417250.0,453551.0,450000.0,434161.0,425540.0,417677.5,424540.0,419000.0,432000.0,440990.0,433836.0,429230.0,430000.0,432000.0
394458,23,"Charlotte, NC",msa,NC,315500.0,299900.0,300500.0,304709.5,315000.0,333500.0,331000.0,312852.5,315000.0,316900.0,335000.0,307250.0,304820.0,312000.0,319500.0,307600.5,333000.0,325500.0,329000.0,320825.0,310000.0,323000.0,306188.5,324322.5,306750.0,310492.5,334990.0,330000.0,321450.0,324000.0,329000.0,334990.0,330977.0,346250.0,335290.5,320900.0,347091.0,353511.5,359094.0,363937.5,360299.0,359740.0,358670.5,375575.0,364447.5,375000.0,418000.0,414500.0,418862.0,420000.0,436500.0,437560.0,435000.0,437441.0,440000.0,454900.0,449059.5,455917.5,449752.5,447190.0,419990.0,407850.0,418550.0,415309.0,425000.0,400215.5,409590.0,403390.0,414350.0
395055,24,"San Antonio, TX",msa,TX,264900.0,262499.0,278000.0,271249.5,285950.0,271950.0,267900.0,276667.0,264096.0,274990.0,273978.0,283173.0,273845.5,269900.0,269450.0,258357.5,259900.0,256950.0,266042.0,257456.5,259990.0,263017.5,262550.0,274999.5,248335.0,253450.0,250320.5,247900.0,251462.5,258900.0,261230.0,266004.5,269706.0,266239.5,264945.0,274900.0,274900.0,265050.0,268450.0,279000.0,277707.0,286359.5,287000.0,287749.5,298147.5,325000.0,319900.0,324190.0,320679.0,312990.0,323000.0,321900.0,333185.0,341000.0,329225.0,330500.0,331900.0,329900.0,329990.0,346490.0,318500.0,307369.0,321000.0,320604.0,311290.0,317999.5,319990.0,324950.0,324500.0
394998,25,"Portland, OR",msa,OR,460700.0,429930.0,437970.0,442402.5,469950.0,470497.5,474486.0,480410.5,454310.0,490000.0,496046.0,480000.0,465000.0,475000.0,471500.0,460051.0,459900.0,441500.0,441500.0,445975.0,450675.0,459150.0,455699.5,463850.0,465500.0,464121.5,454477.5,453400.0,441115.0,451797.5,470000.0,481777.5,487375.0,509900.0,508932.5,497464.0,470000.0,472150.0,481400.0,479600.0,482611.0,486450.0,498200.0,508407.5,519200.0,545800.0,543929.0,535717.0,561900.0,538406.0,570873.5,584264.5,581696.0,595000.0,605900.0,600900.0,600290.0,618279.0,587854.5,560000.0,544000.0,575000.0,589900.0,599475.0,592550.0,599930.0,591900.0,556724.0,540290.0
395045,26,"Sacramento, CA",msa,CA,454045.0,470000.0,479000.0,501000.0,480500.0,488500.0,489000.0,483000.0,499000.0,503000.0,495000.0,504255.0,489000.0,494000.0,488500.0,510500.0,494500.0,521000.0,521000.0,500000.0,536000.0,500000.0,499500.0,515000.0,493750.0,515000.0,521750.0,530250.0,505000.0,542500.0,537000.0,525000.0,556000.0,570000.0,518500.0,528500.0,524500.0,547536.0,551500.0,582000.0,578250.0,567750.0,559500.0,601000.0,552750.0,612000.0,666363.0,626000.0,647062.5,650500.0,661750.0,677750.0,668750.0,686637.0,696250.0,701500.0,698000.0,691500.0,630932.0,659980.0,593840.0,612000.0,620369.0,623600.0,629000.0,744380.0,694558.0,690750.0,675000.0
394982,27,"Pittsburgh, PA",msa,PA,288295.0,318961.0,319032.5,336897.5,336087.5,300000.0,306000.0,305110.0,310000.0,270875.0,292000.0,332900.0,337657.0,308200.0,330000.0,309950.0,303175.0,309990.0,327120.0,346673.0,308490.0,337495.0,349900.0,340000.0,313950.0,354990.0,305000.0,325000.0,384601.0,323900.0,339317.5,331995.0,327752.5,360990.0,344105.0,410080.0,369900.0,373347.5,358255.0,380000.0,410345.0,383410.0,391990.0,493256.0,429990.0,389825.0,429990.0,396427.0,404878.0,387655.0,458995.0,460495.0,446980.0,444470.0,466436.0,449990.0,455931.0,472700.0,376685.0,428270.0,500000.0,417950.0,427445.0,405239.0,448750.0,467975.0,407500.0,410000.0,411000.0
394466,28,"Cincinnati, OH",msa,OH,249900.0,245251.5,299900.0,253700.0,262150.0,251752.0,249900.0,233570.0,240900.0,268800.0,339010.0,306320.0,303516.5,281366.0,289000.0,245000.0,268853.0,269722.0,299990.0,303158.0,307250.0,300000.0,315000.0,317246.5,305000.0,275965.0,283420.0,342858.0,319129.0,294900.0,310000.0,298155.5,317777.5,320196.5,292000.0,320732.0,314383.5,341717.0,325494.5,329000.0,377587.0,345810.0,350000.0,354277.0,366868.0,383717.0,390000.0,402319.0,404369.0,419900.0,392404.0,382083.0,419900.0,392026.0,424990.0,377804.5,369345.0,380327.0,381169.0,393713.5,390000.0,381916.0,374900.0,380000.0,387235.5,399473.0,433450.0,397752.0,374900.0
394355,29,"Austin, TX",msa,TX,306705.0,297900.0,309742.0,310218.0,319900.0,327899.5,326990.0,344689.5,317820.0,324325.5,314990.0,325079.0,305000.0,317165.0,319995.0,321489.5,319450.0,315000.0,319453.0,327751.0,325000.0,319096.0,299990.0,310000.0,309640.0,307304.0,312000.0,313259.0,309935.0,306070.0,318975.0,319950.0,333990.0,339495.0,329950.0,348245.0,335000.0,319262.5,334502.5,356560.5,345405.0,360820.0,384346.0,405104.0,404670.0,450331.0,475000.0,475990.0,474645.0,465352.5,487950.0,476600.0,463645.0,491062.0,480290.0,474990.0,457855.0,466900.0,469565.0,468233.5,443120.0,426175.5,445396.5,459990.0,449990.0,464898.5,451102.5,444390.0,453363.0
394775,30,"Las Vegas, NV",msa,NV,342124.0,358336.0,355671.0,375507.5,369671.5,385521.0,385560.0,399377.0,384140.0,394900.5,381768.0,407692.5,392990.0,410860.5,393111.0,403000.0,408235.0,393385.0,360059.5,372024.0,365000.0,387235.5,375000.0,379174.0,364425.0,366265.0,364785.0,375171.5,370000.0,365470.0,384702.0,394720.0,389528.5,410297.5,390000.0,399352.5,402609.0,414674.0,393000.0,411252.5,437641.5,496893.0,415987.5,454835.5,433500.0,475000.0,453990.0,440000.0,458820.0,449990.0,451165.0,510742.0,526519.0,514974.0,505292.0,499990.0,480000.0,479950.0,465872.5,474990.0,435648.0,440000.0,457881.5,466183.0,448990.0,458990.0,480938.0,464995.0,465000.0
394735,31,"Kansas City, MO",msa,MO,366214.0,331900.0,354776.0,349900.0,355862.5,364400.0,375925.0,381625.0,378450.0,388077.5,374160.5,386250.0,367301.5,363416.5,367253.0,365470.0,373274.0,372262.5,384925.0,358000.0,380350.0,359950.0,404139.0,405000.0,397000.0,368634.5,369900.0,380900.0,363240.0,390500.0,395000.0,395000.0,400000.0,402545.0,407000.0,406550.0,389825.0,416975.0,409000.0,429240.0,443650.0,457768.0,442050.0,449950.0,458035.0,458477.0,462100.0,461608.0,459817.0,484025.0,474298.0,464650.0,497475.0,516602.0,510000.0,523974.0,575014.0,545000.0,539950.0,530973.0,526031.0,499975.0,519950.0,509900.0,509340.0,527475.0,525000.0,500000.0,523250.0
394492,32,"Columbus, OH",msa,OH,327500.0,324750.0,317245.0,307200.0,328200.0,322045.0,344325.0,412200.0,380000.0,328900.0,371300.0,373800.0,317000.0,320650.0,325100.0,334000.0,336650.0,335200.0,375000.0,355995.0,334098.5,376000.0,329050.0,355095.0,373865.0,339900.0,349000.0,349795.5,325000.0,353900.0,379990.0,346500.0,369427.5,341100.0,339850.0,346700.0,382175.0,350332.5,368276.0,387736.5,399900.0,396780.0,425000.0,396797.5,375195.0,386375.0,424750.0,430811.5,412736.5,421440.0,428900.0,449900.0,433150.0,426301.0,457502.0,450900.0,460315.0,488275.0,470070.0,470330.0,485575.0,482753.5,478995.0,469855.0,483945.0,468320.0,482985.0,484995.5,464990.0
394705,34,"Indianapolis, IN",msa,IN,268527.5,301263.5,324968.5,318750.0,330000.0,320796.0,313915.0,317500.5,315000.0,312098.0,349853.0,340590.0,342500.0,345044.0,328500.0,315000.0,318600.0,339938.0,311974.0,322497.5,292600.0,324500.0,336000.0,340323.0,337417.5,318000.0,323990.0,329460.0,329050.0,311426.0,325000.0,319949.0,326757.0,326000.0,330540.0,328792.0,325000.0,334995.0,329755.0,334647.0,341200.0,354940.0,355362.0,346490.0,351153.0,388590.0,383400.0,379169.0,366245.5,393442.0,389950.0,396220.0,395944.0,376237.5,391541.0,384320.0,388284.0,409995.0,402298.5,399995.0,404900.0,395000.0,399450.0,400000.0,394365.0,385000.0,375849.0,396500.0,400000.0
394475,35,"Cleveland, OH",msa,OH,291821.5,271995.0,281850.0,278950.0,313100.0,260095.0,276405.0,245950.0,239000.0,290092.5,276000.0,291830.0,267500.0,265702.5,272650.0,244990.0,262012.5,269755.0,278625.0,310877.5,292250.0,274675.5,292763.0,364400.0,304037.0,296100.0,317000.0,290000.0,305000.0,300455.0,370000.0,298917.0,290282.5,349900.0,277675.5,301293.0,315000.0,406403.0,340000.0,359190.5,346635.0,431158.0,321750.0,280620.0,348998.0,399620.0,385888.0,360870.0,386970.0,371186.0,431867.5,395398.0,420000.0,350477.5,351176.0,397445.0,398839.0,419925.0,393710.0,439067.5,433697.5,520900.0,455497.5,489825.0,411500.0,436250.0,444032.5,473500.0,469000.0
395059,36,"San Jose, CA",msa,CA,,,,,,,,,,,,,,,,,,,,,,,,,,,,,,,,,,,,,,,,,,,,,,,,,,,,,,,,,,,,,,,1300000.0,1368755.0,1332000.0,1867500.0,1455000.0,1196150.0,1812309.5
394902,37,"Nashville, TN",msa,TN,315970.0,332130.0,345988.5,339000.0,353000.0,366630.0,360000.0,372170.5,365000.0,379284.0,378985.0,368908.0,349800.0,338000.0,359115.5,369900.0,363932.5,359900.0,354999.0,363472.0,372400.0,374900.0,385000.0,370000.0,345867.0,359450.0,374000.0,369990.0,355059.5,359900.0,348240.0,351170.0,351000.0,354900.0,363686.0,354945.0,352000.0,364531.5,370191.0,380900.0,400000.0,405247.5,398412.5,401938.5,411705.0,417600.0,412875.0,436278.0,409546.0,450300.0,434064.0,461821.0,470582.5,460530.0,479645.0,451407.0,461149.0,501615.0,487965.0,469650.0,460000.0,477061.5,477490.0,464990.0,461970.0,475321.0,470190.0,469945.0,469212.0
395194,38,"Virginia Beach, VA",msa,VA,288380.0,285000.0,294000.0,291660.0,298185.0,325500.0,310000.0,325000.0,324900.0,320450.0,339900.0,320400.0,292540.0,310000.0,299250.0,307392.5,309990.0,310000.0,332246.0,323400.0,314690.0,335135.0,326211.0,350357.5,309305.0,308745.0,316000.0,322200.0,314900.0,314012.5,314900.0,317450.0,324900.0,315055.0,331200.0,343000.0,324900.0,337195.0,343582.5,358440.0,392902.5,366127.5,376032.5,361727.0,390460.0,392900.0,378000.0,408775.0,397900.0,396868.0,404990.0,413733.0,420000.0,420190.0,455000.0,412035.0,416807.5,430572.5,431490.0,429900.0,377780.0,399898.0,405000.0,419000.0,425000.0,452789.5,405000.0,427440.0,389000.0
395005,39,"Providence, RI",msa,RI,341400.0,364900.0,359900.0,367450.0,380000.0,444500.0,399900.0,385000.0,394000.0,387500.0,401873.0,386500.0,415000.0,417750.0,436025.0,357450.0,399900.0,396950.0,395700.0,399900.0,371450.0,400000.0,395045.0,384000.0,379450.0,352000.0,460000.0,399900.0,419900.0,396710.0,419000.0,417900.0,418000.0,489000.0,453240.0,445500.0,444848.0,415950.0,438122.5,452330.0,449000.0,508737.0,499000.0,520900.0,481000.0,491872.0,533846.0,510301.5,540950.0,519500.0,525000.0,471950.0,500000.0,550000.0,560000.0,546235.0,489950.0,549900.0,595000.0,580000.0,580235.0,615000.0,505171.0,584212.5,545000.0,538317.0,605000.0,569000.0,594950.0
394714,40,"Jacksonville, FL",msa,FL,284310.5,279995.0,287900.0,270000.0,290000.0,282500.0,308426.0,294950.0,289995.0,279925.5,309448.0,304950.0,282250.0,290627.5,284085.0,289645.0,290000.0,289990.0,300000.0,300000.0,281200.0,284300.0,274357.5,290545.0,283430.0,282137.5,280500.0,280000.0,292400.0,285900.0,297740.0,293000.0,296800.0,294990.0,299900.0,304900.0,298000.0,285763.0,306900.0,318900.0,315000.0,322548.0,349700.0,338845.0,351104.0,340500.0,378000.0,390000.0,391500.0,390200.0,393900.0,384943.5,388052.0,380990.0,384305.0,386126.0,380990.0,383990.0,377010.0,406990.0,361885.0,363445.0,372990.0,375925.0,399900.0,382490.0,394245.0,386990.0,380000.0
394862,41,"Milwaukee, WI",msa,WI,,,,,,,,,,,,,,,,472900.0,370000.0,415800.0,350100.0,382700.0,383900.0,360390.0,398100.0,402167.5,406200.0,429900.0,420000.0,410650.0,416600.0,466924.5,434900.0,448745.0,439900.0,459734.5,464900.0,499900.0,450000.0,394900.0,438004.0,497512.0,453595.0,479900.0,451900.0,481189.0,469900.0,475320.5,504500.0,486199.5,469785.0,490000.0,468900.0,506244.5,535900.0,539990.0,549900.0,513900.0,560688.0,512490.0,545922.0,540250.0,473250.0,544900.0,532752.5,499695.0,572605.0,544150.0,529900.0,545286.5,529430.0
394935,42,"Oklahoma City, OK",msa,OK,162250.0,192000.0,185000.0,189500.0,216595.0,238500.0,226975.0,218000.0,220000.0,235000.0,229450.0,230540.0,218805.0,218240.0,237500.0,236500.0,236995.0,263500.0,255726.0,257900.0,260000.0,237999.5,259963.0,255436.0,234900.0,249250.0,246560.0,232500.0,250500.0,267700.0,258743.5,269750.0,254040.0,274950.0,265000.0,257024.5,239950.0,267800.0,270845.0,277000.0,279345.0,288500.0,287900.0,293000.5,292498.5,295000.0,303822.5,292000.0,291500.0,317500.0,311590.0,324000.0,335363.0,345000.0,353495.0,355000.0,330000.0,330245.0,323450.0,334995.0,317840.0,308994.0,350000.0,329995.0,349999.0,341048.5,349900.0,319350.5,323630.0
395012,43,"Raleigh, NC",msa,NC,287000.0,292750.0,320000.0,325250.0,330250.0,319500.0,325000.0,329575.0,325750.0,330000.0,347000.0,340000.0,351500.0,335000.0,339950.0,325000.0,339000.0,349500.0,337307.5,350000.0,352131.0,342000.0,355000.0,336000.0,332750.0,330750.0,333250.0,336000.0,336000.0,343000.0,331999.0,342250.0,349900.0,339000.0,352000.0,332500.0,325000.0,321900.0,343000.0,362849.0,357075.0,363254.0,373750.0,365000.0,380000.0,394950.0,392500.0,395907.5,422722.5,405917.5,419900.0,443000.0,454500.0,452252.5,457502.5,479597.5,468850.0,474990.0,465750.0,467285.0,462580.0,437000.0,428900.0,447672.5,439000.0,440076.5,438197.5,437455.0,457468.5
394849,44,"Memphis, TN",msa,TN,302423.0,284000.0,282563.0,305000.0,277625.0,314206.0,287470.0,296500.0,279900.0,328500.0,302723.5,293000.0,304140.0,318602.0,289000.0,315500.0,328000.0,345052.0,276500.0,299900.0,299191.0,312000.0,299900.0,325000.0,326950.0,360935.0,312000.0,339950.0,299900.0,295800.0,307213.5,321292.5,335986.5,338159.0,378684.0,313900.0,317643.0,358512.5,351289.5,362100.0,362900.0,345900.0,335000.0,379900.0,371284.5,392000.0,384318.0,395500.0,335000.0,329692.5,355000.0,385900.0,376285.0,367072.5,368925.0,395700.0,374950.0,364950.0,387550.0,381000.0,399950.0,421475.0,400000.0,430762.0,382288.0,377825.0,367000.0,387050.0,364990.0
395022,45,"Richmond, VA",msa,VA,323242.5,309800.0,309452.5,279990.0,300374.0,318325.0,337219.0,335500.0,308450.0,354950.0,358240.0,356147.0,285855.0,314250.0,315000.0,300920.0,322487.0,343949.0,362232.5,367658.5,353561.0,352825.0,366048.0,350315.0,319685.0,342501.0,343350.0,332455.0,355580.0,371062.0,357546.0,351877.0,345900.0,360326.5,361212.5,368850.0,340006.5,340150.0,367015.0,382090.0,365000.0,381163.0,386506.0,386966.0,387500.0,394520.0,389375.0,394351.0,431055.0,440950.0,417575.0,440180.0,445542.0,424656.0,450000.0,457000.0,449900.0,441917.5,464450.0,395271.0,427888.0,452153.5,408337.5,449000.0,438910.0,448000.0,439925.0,450990.0,415262.0
394807,46,"Louisville, KY",msa,KY,265246.0,274900.0,259850.0,270345.0,264950.0,264234.0,250592.5,250000.0,267490.5,259000.0,289450.0,265010.0,312326.5,275000.0,294900.0,246712.0,260000.0,272000.0,295900.0,274750.0,259900.0,280000.0,280000.0,279000.0,281200.0,293151.0,282400.0,276336.5,290000.0,287162.0,272500.0,294184.5,270900.0,281901.5,305000.0,298862.5,297312.5,278986.31,311304.0,291949.0,298889.0,315814.0,332475.0,310200.0,337580.0,344203.5,330877.5,342400.0,329950.0,338200.0,332900.0,341919.5,344845.0,332395.0,360282.5,364950.0,338316.0,363478.0,327400.0,330000.0,349005.0,344950.0,327438.0,345000.0,350950.0,350325.0,351736.5,341990.0,323950.0
394910,47,"New Orleans, LA",msa,LA,214900.0,205000.0,248950.0,207500.0,189800.0,230000.0,209000.0,212000.0,212752.5,215500.0,259000.0,228750.0,182522.5,207250.0,196200.0,217250.0,219000.0,246500.0,248000.0,236000.0,247000.0,234500.0,259900.0,248500.0,234510.0,219500.0,230000.0,276900.0,248900.0,245900.0,257400.0,255000.0,286450.0,284000.0,288425.0,292950.0,274700.0,301000.0,292500.0,304000.0,299900.0,335000.0,300000.0,327150.0,350000.0,312500.0,329000.0,336000.0,300000.0,292500.0,300000.0,316835.0,312500.0,300000.0,305000.0,269500.0,279900.0,285000.0,300000.0,287000.0,260000.0,269292.5,275000.0,293895.0,271405.0,300420.0,279855.0,276450.0,277760.0
395053,48,"Salt Lake City, UT",msa,UT,,,,,,,,,,,,,,365078.0,394000.0,393450.0,397728.0,410000.0,382950.0,437525.5,368950.0,390000.0,439900.0,403182.0,391127.5,415399.0,410000.0,393637.0,399000.0,402550.0,415000.0,403787.5,440949.5,412996.0,385000.0,394503.0,415000.0,432200.0,429017.0,416000.0,400089.0,429165.0,462000.0,484900.0,545021.0,550000.0,521235.0,586045.0,575000.0,565990.0,549349.0,599071.0,650785.0,611920.0,596106.0,565361.0,589841.5,560997.0,560267.0,583822.0,549900.0,615575.5,549995.0,515000.0,581475.0,537990.0,555892.5,499000.0,545000.0
394388,51,"Birmingham, AL",msa,AL,240775.0,268535.0,259777.5,263017.5,281000.0,258801.0,262000.0,262500.0,297950.0,278250.0,269900.0,282000.0,238897.5,293950.0,259000.0,310465.0,266295.0,298000.0,279394.5,276197.5,280457.0,279934.0,298950.0,254450.0,268861.0,285000.0,263250.0,291494.0,265000.0,264900.0,268125.0,267450.0,284047.5,268900.0,267150.0,291102.5,349900.0,295580.0,309725.0,298985.0,306493.5,294300.0,299595.0,308390.0,309802.5,318215.0,345230.0,364225.0,392049.0,336300.0,336975.0,367305.0,437201.0,414970.0,393701.5,410597.0,425000.0,424140.0,399900.0,382257.0,382347.0,318935.0,338005.0,351787.5,356171.0,319750.0,315150.0,321050.0,329012.5
394640,53,"Grand Rapids, MI",msa,MI,223000.0,250000.0,271932.0,248950.0,259900.0,285643.5,281070.0,298083.5,318064.0,297335.0,312290.0,333034.5,279920.0,320653.0,306742.0,299800.0,295000.0,300000.0,306500.0,292250.0,317000.0,319500.0,315000.0,328804.0,289717.5,283400.0,312900.0,308800.0,297700.0,316000.0,329000.0,309950.0,331720.0,309900.0,329780.0,322450.0,315000.0,324000.0,342750.0,322984.0,352330.0,351029.0,350365.0,362140.0,385000.0,384502.0,396000.0,390000.0,370000.0,380927.5,378225.5,385535.0,399900.0,425000.0,395000.0,429900.0,422720.0,395000.0,427400.0,431295.0,431537.5,400000.0,409900.0,415900.0,457500.0,422650.0,399900.0,428210.0,443231.5
395167,54,"Tucson, AZ",msa,AZ,300113.5,279000.0,277986.0,303971.0,299235.0,299000.0,293550.0,296629.5,261070.0,308060.0,290553.5,290000.0,284485.0,270000.0,299990.0,285000.0,295544.0,276020.0,271525.0,311172.5,296478.0,279600.5,276366.5,278705.0,316027.5,296857.0,285412.5,284455.0,309252.5,303025.0,287360.0,325118.0,328370.0,332651.0,309590.0,342500.0,318267.5,333015.5,349090.0,359105.0,344703.0,369205.0,355000.0,395000.0,372750.0,355220.0,382990.0,381913.5,394230.0,395120.0,378990.0,399900.0,403990.0,415990.0,397248.5,372990.5,407736.5,395574.0,412791.5,412210.0,387311.0,396515.0,422990.0,419000.0,439900.0,401205.0,415000.0,414275.5,397630.0
753924,55,"Urban Honolulu, HI",msa,HI,,,,,,,,,,,,,,,,,,,,,,,,,,,,,,,,,,,,,,,,,,,,,,,,,,,,,,,,,,,,,,,,,,,,,958785.0
395169,56,"Tulsa, OK",msa,OK,215000.0,239950.0,232500.0,232000.0,237500.0,219450.0,245750.0,227000.0,275500.0,255387.5,245000.0,260900.0,227742.0,229900.0,219900.0,229050.0,273365.0,260900.0,262000.0,252000.0,225000.0,251500.0,288400.0,203500.0,249843.5,250000.0,245000.0,290000.0,261385.0,284357.5,289500.0,281250.0,305030.0,311208.0,301000.0,324126.0,308800.0,323880.0,309000.0,273000.0,348150.0,319500.0,329125.0,343790.0,341187.5,310417.0,319444.0,334030.0,354500.0,301450.0,353049.0,358805.0,358500.0,360000.0,409685.0,415400.0,417177.5,362620.0,400950.0,466369.0,351413.0,410539.0,379604.0,364950.0,377121.0,339900.0,374900.0,420000.0,379500.0
394619,57,"Fresno, CA",msa,CA,,,,,,,,,,,,,,,,,,,,,,,,,,,,,,,,,,,,,,,,,,,,450000.0,506500.0,560245.0,464000.0,506500.0,499085.0,514557.5,505000.0,500000.0,504245.0,511247.5,530750.0,481000.0,508590.0,456655.0,468422.5,440000.0,423875.0,434750.0,484990.0,449635.0,463320.0,471800.0,428120.0,473330.0,463000.0
395238,58,"Worcester, MA",msa,MA,383394.5,363000.0,338732.5,381337.5,399900.0,390045.0,365474.0,359999.0,369710.0,434900.0,340000.0,354950.0,362340.0,372314.0,360000.0,329900.0,385000.0,370000.0,456640.0,460000.0,400000.0,383850.0,375000.0,394165.0,340000.0,413580.0,457995.0,432772.5,495357.5,405000.0,379900.0,426000.0,394000.0,418502.5,432122.5,429100.0,427450.0,406300.0,439900.0,467500.0,450000.0,490000.0,501122.5,456995.0,434987.5,492900.0,487450.0,519280.0,497052.5,506750.0,499617.5,502499.5,532595.0,499900.0,535935.0,519950.0,578750.0,499900.0,549792.0,575000.0,544821.0,549828.0,575000.0,532980.0,525000.0,583162.5,544750.0,529997.5,554029.5
394938,59,"Omaha, NE",msa,NE,271432.0,291000.0,288500.0,287950.0,295000.0,293000.0,306500.0,300000.0,312000.0,294000.0,325000.0,324923.0,314000.0,307000.0,313000.0,309500.0,323780.5,319000.0,340257.0,333445.0,349000.0,332000.0,346500.0,386500.0,330000.0,335500.0,329330.0,339186.0,352675.0,346000.0,346410.0,326032.0,354000.0,340000.0,355000.0,342500.0,354000.0,359900.0,352960.5,369539.0,382150.0,381896.0,402484.0,408893.0,425580.0,409000.0,397440.0,424500.0,427001.0,403998.0,433873.0,430000.0,453450.0,428000.0,450500.0,448071.5,458341.5,439593.0,463910.0,447512.5,485028.0,421108.0,418637.0,443014.0,448500.0,452062.5,443896.0,431900.0,409950.0
394415,60,"Bridgeport, CT",msa,CT,588000.0,655000.0,582500.0,519900.0,622199.0,625000.0,580000.0,623030.0,685000.0,547723.0,447900.0,524500.0,512666.5,587500.0,640000.0,550000.0,1077250.0,595000.0,593821.0,705000.0,753500.0,578008.5,588946.0,592890.0,599000.0,651237.0,694500.0,659995.0,630000.0,716500.0,665000.0,885000.0,775000.0,815000.0,777838.5,761000.0,660000.0,600000.0,684000.0,614730.0,905000.0,963750.0,694900.0,1124500.0,1030213.0,695000.0,821240.0,629636.0,720500.0,769000.0,795000.0,769000.0,840000.0,936632.5,903875.0,1343525.0,1029750.0,730000.0,855000.0,990000.0,775000.0,685000.0,1412958.5,1612000.0,1399990.0,1220000.0,1660000.0,1595000.0,1302000.0
394653,61,"Greenville, SC",msa,SC,236521.0,232400.0,229990.0,237500.0,233805.0,244381.0,248740.0,246046.0,255015.0,271000.0,264000.0,263825.0,257105.0,266950.0,242685.0,245000.0,255437.5,250110.0,242270.5,249500.0,257445.0,239900.0,244566.0,259900.0,226000.0,239450.0,254900.0,239185.0,252000.0,253316.0,255000.0,250135.0,264900.0,284263.0,272300.0,264550.0,237000.0,263790.0,264653.0,275800.0,270240.0,261490.0,277250.0,268695.0,269700.0,289990.0,302770.0,294490.0,301490.0,314195.0,315346.0,332490.0,326095.0,315000.0,338495.0,348500.0,344771.0,324950.0,346122.0,330000.0,334525.0,320240.0,323820.0,336595.0,324429.5,339169.5,337135.0,339900.0,344922.5
394312,62,"Albuquerque, NM",msa,NM,254052.5,298876.0,287287.5,283904.0,309292.5,254245.0,311610.5,284490.0,281329.0,285431.0,307014.0,318990.0,293015.0,240458.0,279477.0,260000.0,264547.5,280582.0,261760.0,285552.0,295876.5,282655.0,290000.0,285563.0,256387.0,300974.5,263623.0,308736.5,289582.5,287170.0,293265.0,309595.0,319000.0,293950.0,324495.0,334935.0,327068.0,340345.0,336025.0,330665.0,347698.0,360000.0,392520.0,400000.0,372420.0,373460.0,353768.5,375570.0,373675.0,399995.0,400035.5,399990.0,399290.0,407814.0,400000.0,390000.0,376975.0,423390.0,377195.0,432355.0,400000.0,375000.0,398000.0,339900.0,358473.0,364990.0,343290.0,365160.0,354990.0
394357,63,"Bakersfield, CA",msa,CA,,,,,,,,,,,,,,,,,,,,,,,,,,337000.0,338000.0,327000.0,303450.0,303000.0,346000.0,346000.0,330500.0,311000.0,331000.0,314500.0,321000.0,308700.0,339105.0,347540.0,353230.0,345700.0,350000.0,350500.0,365000.0,388000.0,400000.0,444500.0,417500.0,445000.0,444487.5,468900.0,460450.0,470000.0,430995.0,436545.0,423500.0,451100.0,420000.0,420500.0,429990.0,442100.0,446000.0,449000.0,450000.0,436200.0,430000.0,464990.0,430270.0
394753,65,"Knoxville, TN",msa,TN,282247.5,279450.0,279900.0,259320.0,292055.0,290000.0,304900.0,267900.0,306648.5,293000.0,300000.0,267842.5,310400.0,261242.0,260960.0,292900.0,285200.0,300700.0,300000.0,281032.5,270595.0,280000.0,309912.5,308450.0,301700.0,276142.5,282320.0,301050.0,268000.0,307000.0,299950.0,306946.0,299500.0,319872.0,332107.0,317250.0,316747.5,362450.0,325592.5,354669.5,327500.0,320000.0,352534.0,360000.0,335307.5,368127.5,365000.0,394900.0,414900.0,362300.0,367875.0,395000.0,390350.5,404248.0,411575.0,462500.0,425000.0,422400.0,426900.0,414628.0,396900.0,431374.0,432525.0,469290.0,455000.0,458250.0,487450.0,458097.5,420265.5
394367,66,"Baton Rouge, LA",msa,LA,225900.0,263400.0,265900.0,234900.0,238900.0,227400.0,220602.5,217235.0,245514.0,237805.0,236382.5,214750.0,256450.0,214900.0,235222.5,261962.5,259842.5,290400.0,248822.0,265670.0,252900.0,250897.5,226272.5,259400.0,229900.0,242312.5,260152.5,255000.0,249445.0,250303.0,263783.0,250000.0,252010.0,259150.0,255956.0,247176.0,241000.0,274900.0,260365.0,256902.0,268040.5,283640.0,270657.5,263900.0,272400.0,285900.0,271365.0,279134.0,269882.5,276805.0,280490.0,289900.0,301337.5,292095.0,292095.0,301445.0,296712.5,284950.0,310000.0,287907.5,300000.0,280047.5,277990.0,290990.0,299990.0,307850.0,299577.5,297750.0,292700.0
394843,67,"McAllen, TX",msa,TX,,,,,,,,,,,212961.5,209917.0,184192.0,171000.0,168000.0,164000.0,185357.0,189214.0,179504.0,194000.0,186826.0,175500.0,178929.0,177548.5,167644.5,173969.5,183270.0,191450.0,178244.5,156000.0,163000.0,172000.0,180000.0,202368.0,199000.0,209000.0,195000.0,197500.0,190000.0,195000.0,196000.0,210000.0,231500.0,207000.0,219000.0,248500.0,235000.0,230000.0,207865.0,230000.0,238750.0,244912.5,220000.0,249000.0,238700.0,230000.0,261950.0,244450.0,243000.0,249950.0,242400.0,254000.0,269000.0,252000.0,250000.0,255000.0,255000.0,260500.0,280000.0
394561,69,"El Paso, TX",msa,TX,173500.0,176511.5,178950.0,176784.0,173450.0,176000.0,175850.0,177950.0,189970.0,179282.5,185000.0,184950.0,178950.0,183950.0,180450.0,179950.0,194356.5,191772.5,194450.0,188950.0,192500.0,187500.0,189950.0,198819.0,180790.0,207060.0,192475.0,189155.0,191950.0,194450.0,198090.0,209941.0,215514.0,201700.0,214977.5,201200.0,219950.0,226950.0,228950.0,231990.0,240950.0,236950.0,256040.0,245378.0,245475.0,249975.0,244950.0,244510.0,238725.0,253950.0,270950.0,249583.0,260725.0,255425.0,261500.0,266950.0,281950.0,266950.0,266725.0,276603.0,269902.5,266500.0,284225.0,281950.0,284622.0,277625.0,286000.0,282950.0,287301.0
394318,70,"Allentown, PA",msa,PA,,,,,,,,,,,,,,,,,,,,,,,,,,,399900.0,322400.0,288820.0,375500.0,382000.0,304850.0,349000.0,379492.5,330176.0,355157.0,375000.0,399995.0,430237.5,389895.0,452145.0,449900.0,438765.0,436670.0,515092.5,430000.0,459000.0,454250.0,449000.0,403980.0,430620.0,452066.0,389699.0,453070.0,501595.0,472285.0,546560.0,445640.0,449605.0,463362.5,439995.0,430000.0,459990.0,480328.0,468792.5,484990.0,449990.0,455673.0,497790.0
394486,72,"Columbia, SC",msa,SC,239610.5,206308.5,211600.0,217990.0,212890.0,215141.0,231998.5,231889.0,223126.0,224187.5,224900.0,242000.0,194461.0,230743.5,217615.5,206500.0,229950.0,224899.0,211585.0,234470.0,239000.0,239932.0,238132.5,272500.0,255595.0,247395.0,256990.0,248000.0,238000.0,236400.0,240852.0,249668.0,255000.0,240091.5,240890.0,252700.0,249500.0,255890.0,269783.0,254240.0,258195.0,275250.0,265698.0,272695.0,285840.0,287271.0,290493.0,289374.0,307950.0,302791.0,309979.0,311060.0,329357.0,326960.0,323355.0,331656.0,326695.0,316145.0,315970.0,300120.0,301420.0,306574.5,299925.0,304392.5,304460.0,293515.0,298359.0,308950.0,306000.0
753906,73,"North Port, FL",msa,FL,370795.0,330000.0,316090.0,335600.0,326450.0,329000.0,315000.0,315650.0,334000.0,341200.0,345000.0,344110.0,300000.0,333750.0,317180.0,323000.0,324000.0,299500.0,314995.0,299710.0,316450.0,315000.0,338395.5,350000.0,378674.5,352000.0,335000.0,319990.0,288000.0,332500.0,330000.0,332800.0,327700.0,316801.0,330000.0,357895.0,352865.0,359500.0,376244.0,379900.0,357225.0,370495.0,396990.0,392900.0,387730.0,421945.0,408000.0,430805.0,450000.0,441062.5,490682.5,433995.0,474312.5,489000.0,495100.0,530612.0,471399.0,504915.0,458500.0,483700.0,464545.0,462190.0,457490.0,475000.0,449422.5,470376.0,463105.0,465343.0,430000.0
845158,74,"Dayton, OH",msa,OH,,,,,,,,,,,,,,,,,,,,,,,,,,,,,,,,,,,,,,,,,,,,,,,,,,,,,,,,,,,,413152.5,400500.0,424900.0,399188.5,385000.0,444387.5,399825.0,359900.0,410260.5,369252.5
394457,75,"Charleston, SC",msa,SC,291877.0,325733.0,360000.0,349478.0,345286.0,318090.0,337790.0,324900.0,347013.5,325822.5,316580.0,333152.5,297000.0,301931.0,320390.0,345000.0,322215.0,336000.0,345000.0,339500.0,329610.0,304100.0,296075.0,317765.0,307470.0,312000.0,289100.0,303222.0,292770.0,314113.0,329900.0,329990.0,334900.0,341495.0,353649.0,349900.0,341450.0,365000.0,359000.0,374823.0,379900.0,378820.0,369147.5,395245.0,404425.0,440000.0,426844.0,440000.0,396617.5,415200.0,399900.0,432604.0,453563.0,447823.0,448425.0,439990.0,433542.0,463265.0,428333.5,476286.0,415440.0,414715.0,447809.5,474590.0,438990.0,448830.0,432305.0,395300.0,430599.0
394648,76,"Greensboro, NC",msa,NC,192500.0,190250.0,194000.0,189250.0,187900.0,197500.0,206750.0,198250.0,248000.0,236000.0,238550.0,224250.0,204375.0,232500.0,240252.5,260292.5,265485.5,263025.0,252327.0,272770.5,254000.0,263565.0,255086.0,255500.0,241322.5,233000.0,239000.0,230900.0,250000.0,244432.5,257000.0,242450.0,233788.0,263465.0,268940.0,231490.0,250490.0,237180.0,243390.0,253040.0,261540.0,261990.0,289535.0,299945.0,284340.0,310000.0,314040.0,300000.0,302700.0,362675.0,339861.0,353000.0,349178.0,374190.0,360519.0,365000.0,355640.0,361857.5,367400.0,388365.0,365000.0,388273.5,382745.0,404900.0,399950.0,360289.0,367195.0,379590.0,343890.0
395134,77,"Stockton, CA",msa,CA,469750.0,493000.0,491000.0,475000.0,491500.0,492000.0,503000.0,485000.0,500500.0,550000.0,575000.0,594250.0,518000.0,553500.0,566000.0,554415.0,554750.0,552250.0,535500.0,533500.0,536000.0,535000.0,506250.0,550000.0,560000.0,572500.0,529500.0,535500.0,539500.0,544000.0,566000.0,577975.0,599000.0,543000.0,558000.0,566250.0,580500.0,674500.0,674500.0,685000.0,712500.0,722000.0,614500.0,646000.0,627750.0,672500.0,723000.0,773500.0,840000.0,760052.5,800000.0,763724.0,763000.0,825000.0,810000.0,735000.0,811173.0,675000.0,695000.0,630000.0,578076.0,567500.0,611345.0,660000.0,637500.0,613602.5,644861.0,693563.5,750195.0
394440,78,"Cape Coral, FL",msa,FL,239000.0,228800.0,240000.0,247000.0,259380.0,252250.0,270700.0,265000.0,254500.0,248000.0,250900.0,253900.0,220942.5,248000.0,236000.0,230900.0,243000.0,232137.5,242090.0,240000.0,241750.0,246300.0,255640.0,240305.0,231577.5,248000.0,245000.0,270900.0,246950.0,239900.0,274000.0,245770.0,252274.0,255000.0,292900.0,279775.0,260000.0,263000.0,270950.0,270000.0,271410.0,278515.0,304250.0,314900.0,329450.0,327000.0,345000.0,350485.0,329950.0,342500.0,342500.0,366090.0,375000.0,381120.0,385000.0,380500.0,375000.0,380000.0,385000.0,385000.0,378990.0,390000.0,370000.0,380000.0,375000.0,390000.0,372000.0,384999.0,370000.0
394399,79,"Boise City, ID",msa,ID,340000.0,343463.0,324930.0,329657.5,339000.0,370562.5,352000.0,360380.0,340673.0,366594.0,360068.0,354990.0,323689.0,355000.0,338756.0,345000.0,342990.0,346500.0,354900.0,346771.5,344950.0,341900.0,369219.5,376900.0,399900.0,359900.0,347400.0,349000.0,356438.5,384990.0,374490.0,402000.0,399945.0,404945.0,400000.0,422900.0,431860.0,436064.0,442000.0,456052.0,483000.0,493995.0,501705.0,512450.0,500000.0,514859.0,535000.0,520890.5,524995.0,525990.0,554850.0,569900.0,579800.0,594900.0,565690.0,560000.0,568900.0,569900.0,529900.0,505990.0,449990.0,482012.0,450000.0,455495.0,480000.0,479990.0,475445.0,485000.0,464990.0
394484,80,"Colorado Springs, CO",msa,CO,376781.0,367930.0,360000.0,373035.0,387171.0,374000.0,392070.0,397790.0,371100.0,368880.5,368900.0,350577.0,356786.0,363125.0,354874.0,385750.0,438311.0,403295.0,355500.0,368989.0,389370.0,354607.5,364435.0,394310.0,375000.0,385096.0,387605.0,385000.0,393745.0,411500.0,400767.0,398032.0,418130.0,408836.0,418400.0,445920.0,438770.0,470544.0,449674.0,437500.0,447120.0,463899.5,522181.0,508466.0,509724.5,500500.0,487830.0,507504.5,482700.0,506575.0,533912.5,498835.0,502114.5,534525.0,510519.0,614150.0,550000.0,517661.0,515000.0,503475.0,525000.0,592500.0,525000.0,549350.0,555482.5,496572.5,499250.0,517490.0,532660.0
394798,81,"Little Rock, AR",msa,AR,173000.0,177500.0,182000.0,177900.0,217500.0,202429.0,244000.0,216675.0,230750.0,227392.0,242495.5,232565.5,177100.0,275500.0,245000.0,234900.0,273000.0,239900.0,244900.0,229300.0,241500.0,256000.0,229000.0,223450.0,214750.0,218400.0,232900.0,239900.0,240000.0,251900.0,271000.0,280000.0,272500.0,254700.0,269950.0,248595.0,238500.0,225900.0,240000.0,233900.0,239900.0,211700.0,236000.0,244950.0,264225.0,265000.0,259360.0,317905.0,305000.0,283539.5,285050.5,307450.0,325250.0,327200.0,324000.0,321100.0,344673.0,281966.0,320000.0,367784.0,325000.0,333773.0,343000.0,367100.0,370398.0,360786.0,370000.0,365000.0,389500.0
394766,82,"Lakeland, FL",msa,FL,226477.0,207923.0,210000.0,214850.0,217000.0,211990.0,214990.0,220000.0,218990.0,229689.0,230990.0,219445.0,234997.5,219000.0,214710.0,216900.0,222445.0,229245.0,229775.0,224245.0,222100.0,217904.5,230825.0,228100.0,223312.5,229720.0,231210.0,230990.0,232060.0,235300.0,235500.0,237452.5,235990.0,243500.0,246928.0,242710.0,248490.0,251670.0,252945.0,257805.0,261900.0,266614.0,274862.5,283039.0,289495.0,293500.0,305000.0,326410.0,318310.0,321940.0,322145.0,340000.0,344995.0,354240.0,354900.0,348753.5,357490.0,348530.0,346000.0,344000.0,327495.0,334945.0,328020.0,333710.0,345990.0,343197.5,339999.0,351770.0,345000.0
394531,84,"Des Moines, IA",msa,IA,264000.0,306762.5,251965.0,260000.0,277000.0,261000.0,270000.0,286820.0,294500.0,291027.5,305000.0,333039.5,305265.0,291000.0,291250.0,286863.0,289375.0,288000.0,293250.0,293500.0,284500.0,298250.0,301500.0,297000.0,286900.0,274710.0,257000.0,292000.0,288000.0,279450.0,278000.0,289410.0,278500.0,279879.0,293467.5,294950.0,318255.0,309950.0,304150.0,301350.0,299000.0,297166.0,309000.0,309900.0,324990.0,338090.0,341560.0,345000.0,352500.0,356900.0,358708.0,360730.0,366915.5,367795.0,367400.0,379995.0,352590.0,377731.5,388265.0,345495.0,363133.0,341995.0,359995.0,360000.0,349900.0,362086.75,374990.0,366665.0,376500.0
394931,87,"Ogden, UT",msa,UT,416313.5,414520.0,399443.0,426782.0,418818.0,416644.5,406214.0,385457.0,390000.0,419928.5,402200.0,391811.5,367500.0,404650.0,432850.0,424660.0,452160.0,449900.0,401680.0,434513.5,399828.5,417733.0,376649.0,380865.0,375773.5,340774.5,437204.0,432168.0,425000.0,421983.0,410632.5,417593.0,442196.5,407017.0,412288.0,461790.0,425642.5,416038.0,460000.0,399000.0,454015.0,463900.0,444499.0,552053.5,491255.0,497392.0,529200.0,497984.0,549666.0,504900.0,578055.0,562440.0,594390.0,539690.0,562600.0,590500.0,537699.0,547209.0,567372.5,565000.0,559995.0,470000.0,511378.5,527200.0,562495.0,540000.0,541245.0,597500.0,539990.0
394816,88,"Madison, WI",msa,WI,331800.0,341041.5,343150.0,353997.5,335652.5,344800.0,350900.0,338900.0,325000.0,284950.0,374900.0,386000.0,337850.0,347500.0,354575.0,324900.0,354900.0,354950.0,380000.0,384900.0,341230.0,392450.0,399271.5,370633.0,342000.0,331388.0,362500.0,375150.0,359900.0,344900.0,363000.0,382600.0,375000.0,369900.0,349900.0,354200.0,377400.0,381900.0,366400.0,360000.0,333695.5,377874.5,379900.0,383400.0,374900.0,385142.5,404900.0,439999.5,373975.0,414900.0,426450.0,428400.0,439900.0,465168.0,424950.0,449050.0,429950.0,479900.0,503126.0,465587.0,482169.0,429800.0,454500.0,473830.5,460000.0,460000.0,473400.0,474900.0,499343.0
395235,89,"Winston, NC",msa,NC,206250.0,197000.0,184000.0,201500.0,188174.0,180000.0,185900.0,209327.5,215000.0,233956.5,247372.0,240897.0,208334.0,211090.0,227375.0,227500.0,244655.0,235000.0,266966.5,248500.0,255235.0,265775.0,260250.0,279350.0,268772.5,262475.0,285000.0,275000.0,284965.0,280000.0,282340.0,285389.0,286000.0,260000.0,286725.0,240237.5,259990.0,285500.0,284830.0,299000.0,293998.0,289715.0,300000.0,310443.0,298397.5,356140.0,321500.0,316507.5,328720.0,317928.5,328990.0,340000.0,314900.0,328065.0,322945.0,345390.0,342840.0,348311.5,363900.0,317995.0,309000.0,336565.0,326739.0,325000.0,356450.0,322940.0,340745.0,331253.5,337000.0
394528,90,"Deltona, FL",msa,FL,234995.0,240765.0,240675.0,242750.0,239990.0,232990.0,240000.0,260000.0,250000.0,256990.0,256750.0,260420.0,247995.0,257990.0,247250.0,240000.0,253000.0,255700.0,259990.5,249900.0,255000.0,261100.0,256784.0,260000.0,247745.0,259992.0,249946.0,243000.0,245715.0,251990.0,253896.0,253900.0,258945.0,267400.0,265710.0,264950.0,269146.0,259990.0,274995.0,279990.0,279990.0,298894.0,299600.0,301298.5,307490.0,294000.0,305195.0,331490.0,334815.0,330000.0,339445.5,355000.0,352490.0,354900.0,373922.0,367492.5,371990.0,372900.0,372910.0,362675.0,357490.0,358900.0,361900.0,360000.0,355970.0,370000.0,360000.0,358990.0,370000.0
395006,92,"Provo, UT",msa,UT,384900.0,382041.5,380710.0,380788.0,351115.0,397787.0,378642.0,389644.0,391516.5,346070.0,393166.0,380288.0,422857.0,405900.0,393736.0,369900.0,395000.0,409900.0,362000.0,371000.0,379100.0,369103.0,349804.0,339725.0,349990.0,371245.0,361001.0,380000.0,381672.0,360466.5,382957.5,394960.0,384840.0,438900.0,414000.0,424509.0,415481.0,416896.0,392864.5,430441.0,467000.0,471534.0,445354.5,465817.0,482301.0,510000.0,500871.5,510288.0,539676.0,552763.0,560000.0,590000.0,574210.0,635210.0,581609.0,519990.0,511962.5,531215.0,536959.0,507995.0,499000.0,463350.0,482250.0,457128.0,467839.0,496000.0,499900.0,523000.0,482520.0
395160,93,"Toledo, OH",msa,OH,,,,,,,,,,,,,,,,,,,,,,,,,,,,,,,,,,,,,,,,,,,,,,,,,,,,,,,,,,,,,,,,,,,,,442500.0
394549,95,"Durham, NC",msa,NC,338250.0,344000.0,330000.0,345000.0,337850.0,379250.0,321500.0,342750.0,335250.0,334860.0,384000.0,382500.0,356012.5,366395.0,343500.0,315000.0,355000.0,335273.0,346900.0,320386.0,330281.0,389464.0,380000.0,369900.0,374747.0,320015.0,341000.0,320500.0,356000.0,376450.0,365000.0,408780.0,371000.0,365000.0,400000.0,361000.0,334020.0,318540.0,365000.0,382320.0,380000.0,379651.0,380000.0,367040.0,425947.5,475940.0,441871.5,459115.0,465000.0,469561.0,465485.0,482190.0,479900.0,484205.0,495000.0,489500.0,470747.5,440000.0,478750.0,489990.0,460000.0,450000.0,460000.0,509500.0,503295.0,487500.0,525750.0,507200.0,450000.0
394352,96,"Augusta, GA",msa,GA,199900.0,213675.0,218607.0,219522.5,221888.0,232215.0,230730.0,236000.0,238450.0,223240.0,241895.0,238060.0,233875.0,210310.5,213500.0,206390.5,237000.0,225250.0,230900.0,235145.0,222190.0,242350.0,226800.0,232000.0,239332.0,224900.0,244500.0,232015.0,229900.0,227300.0,235922.0,235720.0,235295.0,242855.0,255000.0,255261.0,247900.0,244490.0,262041.5,266551.5,258820.0,276680.0,262583.5,291900.0,282330.0,286695.0,306950.0,302122.0,300420.0,293917.0,299180.0,310455.0,314900.0,326500.0,312680.0,321900.0,328040.0,320525.0,330000.0,315500.0,319950.0,317400.0,317830.0,324438.0,324900.0,321050.0,337300.0,312000.0,306450.0
394957,97,"Palm Bay, FL",msa,FL,256200.0,259000.0,243000.0,260000.0,274270.0,267300.0,259900.0,288600.0,277905.0,287844.0,290000.0,313200.0,269000.0,265250.0,259625.0,253597.5,268000.0,280800.0,314931.0,270000.0,285000.0,281715.0,282500.0,288225.0,275250.0,302500.0,303600.0,275990.0,277990.0,252995.0,289995.0,288782.5,264092.5,278535.0,276100.0,279950.0,268445.0,281790.0,290000.0,286540.0,276270.0,288990.0,279500.0,318400.0,293685.0,318950.5,319950.0,326300.0,315000.0,311000.0,327552.5,335000.0,340370.0,355370.0,365000.0,365000.0,364835.0,364335.0,356812.5,356766.0,348322.5,349900.0,346800.0,351260.0,351690.0,346165.0,355000.0,357230.0,352000.0
394711,98,"Jackson, MS",msa,MS,288133.5,241950.0,243400.0,269900.0,269883.0,265822.5,271950.0,272700.0,281207.5,325743.0,284954.0,259000.0,339721.0,282450.0,259994.0,297400.0,346700.0,275311.0,269850.0,315000.0,267200.0,262500.0,305000.0,287400.0,309900.0,279900.0,282665.5,290400.0,285829.0,316000.0,303500.0,297500.0,302000.0,324450.0,315000.0,287900.0,299900.0,305000.0,328900.0,305250.0,347900.0,343200.0,317340.0,263500.0,326000.0,298450.0,325360.0,325280.0,349900.0,359000.0,332499.5,361000.0,367925.0,375512.5,346999.5,366250.0,400900.0,374719.5,405000.0,382700.0,365000.0,381567.5,398000.0,389900.0,386000.0,383508.0,339999.0,371450.0,384030.5
394666,99,"Harrisburg, PA",msa,PA,233550.0,243000.0,252000.0,239183.5,259300.0,262800.0,229000.0,260990.0,268477.0,276490.0,248420.5,263990.0,271866.5,276445.0,274990.0,299990.0,286046.0,255000.0,272500.0,314495.0,258468.5,270000.0,289900.0,290990.0,276000.0,275990.0,306500.0,299990.0,315490.0,284990.0,267024.5,339900.0,325000.0,299603.0,281899.0,301395.0,344087.5,329990.0,346485.0,335000.0,384150.0,341280.5,393295.0,368307.0,380127.0,392023.5,470767.5,431421.5,423537.0,383693.0,470804.0,428932.5,436673.0,461900.0,432157.0,475900.0,397540.0,475442.5,489221.0,412900.0,426620.0,362492.5,459990.0,500180.0,449888.0,462458.0,440995.0,474367.5,430000.0
395113,100,"Spokane, WA",msa,WA,331000.0,315000.0,293361.0,298724.0,290000.0,273727.0,345000.0,330655.0,330000.0,360000.0,355473.0,326062.0,343580.0,356450.0,342096.5,332480.5,334657.0,356500.0,330000.0,357681.0,319990.0,332740.0,328750.0,374000.0,316683.0,329972.0,343475.5,351615.0,379900.0,338594.0,379900.0,399900.0,350869.5,409790.0,357905.0,385000.0,387752.0,388130.5,379000.0,433886.0,447430.0,410269.5,459900.0,425385.5,437091.5,475894.0,446977.5,471286.0,489495.0,470077.0,500000.0,485492.5,488497.5,529900.0,533545.0,489995.0,489995.0,481247.5,520000.0,499991.0,552995.0,466475.0,483057.5,459950.0,468204.0,464550.0,429220.0,489995.0,459997.5
394460,102,"Chattanooga, TN",msa,TN,261000.0,257699.5,259950.0,278875.0,285750.0,300000.0,293500.0,307500.0,312273.0,314500.0,319900.0,308900.0,265000.0,286950.0,299900.0,314000.0,299000.0,298250.0,287500.0,304397.0,312000.0,313700.0,302000.0,350000.0,351225.5,345000.0,328651.0,315000.0,326962.0,337000.0,359886.0,341500.0,342000.0,350000.0,320000.0,335900.0,314900.0,329000.0,336525.0,378000.0,335000.0,369097.0,379900.0,378610.0,370000.0,378000.0,376325.0,386900.0,375422.5,405000.0,422162.0,415000.0,430000.0,437500.0,441587.5,456566.0,457500.0,454205.0,457000.0,420000.0,424000.0,398625.5,412000.0,433950.0,448984.0,459900.0,415000.0,436275.5,399734.0
394768,104,"Lancaster, PA",msa,PA,,,,,,,,,,,,,,,,,,,,,,,,,,,,,,,,,,,,,,,,,,,,,,,,,,,,,,,,,,,,,,,,,439900.0,392486.0,502500.0,492000.0,497728.0
394997,105,"Portland, ME",msa,ME,367000.0,370000.0,350000.0,362260.0,337350.0,350000.0,390000.0,359000.0,360000.0,359000.0,432000.0,389200.0,344900.0,360900.0,382500.0,412000.0,362250.0,382450.0,375000.0,423950.0,395000.0,369900.0,338290.0,416250.0,357000.0,445500.0,393680.0,327993.0,393450.0,396040.0,363700.0,405000.0,418300.0,404761.0,403437.5,444976.0,423500.0,419500.0,480000.0,525000.0,454950.0,513750.0,520000.0,498750.0,504000.0,511800.0,473600.0,450000.0,537428.405,524100.0,534752.0,449900.0,497400.0,515000.0,482500.0,538000.0,614957.5,512575.0,475000.0,492000.0,579000.0,559000.0,572500.0,589500.0,543831.0,587000.0,566495.0,580000.0,558000.0
394590,108,"Fayetteville, AR",msa,AR,214630.0,199900.0,209595.0,210000.0,228000.0,235000.0,255000.0,254000.0,245000.0,226800.0,244625.0,238250.0,202000.0,224000.0,231000.0,265000.0,255000.0,264125.0,235850.0,254950.0,246250.0,260000.0,274912.5,261250.0,249900.0,270000.0,283000.0,273000.0,244900.0,279710.0,260000.0,285700.0,277265.0,256000.0,267250.0,268450.0,260690.0,250000.0,264900.0,264900.0,273200.0,272000.0,281900.0,299725.0,289000.0,289900.0,301747.5,309575.11,325477.5,321310.0,341100.0,354541.0,340055.0,347199.0,349072.0,339500.0,349900.0,364161.5,361993.0,357175.0,397022.5,360200.0,377304.5,349900.0,358175.0,352141.5,341787.5,336990.0,345090.0
394589,109,"Fayetteville, NC",msa,NC,186500.0,204200.0,221000.0,220000.0,240000.0,239000.0,232000.0,239000.0,235000.0,246000.0,249450.0,245000.0,222450.0,250000.0,232500.0,239000.0,244900.0,249950.0,246000.0,249900.0,253500.0,251950.0,254950.0,248000.0,223425.0,250000.0,246900.0,255750.0,255000.0,253500.0,268278.0,255299.0,265000.0,275000.0,263900.0,264175.0,286000.0,275450.0,293000.0,280000.0,290250.0,299900.0,297667.0,314900.0,305171.0,309000.0,311815.0,333750.0,306000.0,332245.0,325000.0,350000.0,349950.0,342000.0,369525.0,374950.0,389950.0,375463.0,388832.0,370605.0,364900.0,375000.0,364900.0,373925.0,370000.0,354900.0,370500.0,349975.0,345000.0
394792,110,"Lexington, KY",msa,KY,,,,,,,,,,,,,,,,,,,,,,,,,,,,,,,,,,,,,,,,301321.5,336000.0,330000.0,295660.0,295000.0,364634.0,358444.0,359790.0,338900.0,340000.0,359900.0,360735.0,369461.0,407950.0,399900.0,437625.5,404336.0,441710.0,419900.0,373929.0,425165.0,453730.0,393001.5,408750.0,416939.5,449900.0,432450.0,439599.0,429500.0,459383.0
394971,111,"Pensacola, FL",msa,FL,213500.0,230150.0,255000.0,225000.0,240615.0,271250.0,264000.0,238883.5,243000.0,240500.0,267400.0,258600.0,242136.0,238695.0,240400.0,246000.0,258000.0,252500.0,274900.0,258900.0,244300.0,254300.0,254655.0,253180.0,255900.0,251504.0,240130.0,242347.5,264350.0,259750.0,285410.0,262600.0,279235.0,269000.0,263457.0,269350.0,256177.0,265600.0,277500.0,280451.0,277900.0,312860.0,308900.0,316900.0,326700.0,330900.0,314950.0,338451.5,349900.0,343900.0,346800.0,329900.0,346937.5,366465.0,355812.5,351275.0,339950.0,356100.0,359900.0,361075.0,324900.0,369900.0,345000.0,334990.0,355000.0,344900.0,329350.0,335400.0,319900.0
395019,113,"Reno, NV",msa,NV,409500.0,400000.0,413750.0,419000.0,421000.0,430667.5,443937.0,422800.0,426990.0,444537.0,449450.0,420907.0,454230.0,449260.5,414900.0,429153.0,444460.5,463495.0,474995.0,469750.5,487995.0,478737.0,481000.0,447000.0,451872.5,416861.0,499950.0,496264.0,,419950.0,445428.0,409950.0,459838.0,471210.0,422739.0,514200.0,526967.0,459803.5,440965.5,447320.5,502696.0,545000.0,535826.0,585000.0,480000.0,,611455.0,572794.0,580936.0,598944.0,610489.5,703615.5,669000.0,605924.0,584823.0,565686.0,637604.0,549995.0,552007.0,522450.0,509970.0,470000.0,499925.0,499900.0,531885.0,579995.0,532000.0,540000.0,509950.0
394698,114,"Huntsville, AL",msa,AL,251605.5,256450.0,249000.0,257804.0,248540.5,254900.0,265033.0,246620.0,242900.0,280250.5,268900.0,257900.0,278200.0,245900.0,257223.0,249363.0,277806.0,264000.0,250939.0,276528.0,237585.0,285282.0,273197.5,269447.0,232265.0,254839.0,276505.0,255067.5,261820.0,270000.0,260000.0,276498.5,270000.0,312166.0,324967.5,313175.0,281528.5,274999.0,278290.0,284307.5,314950.0,298000.0,330758.0,323884.5,312977.0,344230.0,343653.0,339134.0,343300.0,340285.5,360950.0,362900.0,348424.0,360635.0,389900.0,364454.0,362535.0,377995.0,348900.0,343610.0,334862.5,356130.0,345721.5,338590.0,341685.0,346815.5,346482.5,332932.5,329900.0
394995,115,"Port St. Lucie, FL",msa,FL,254800.0,276300.0,258950.0,245000.0,268100.0,267900.0,249000.0,260900.0,263500.0,255000.0,264900.0,247000.0,222506.5,242800.0,245000.0,258495.0,263500.0,251495.0,258000.0,262000.0,264000.0,256900.0,279950.0,258300.0,272100.0,274000.0,273200.0,264950.0,263700.0,268300.0,282900.0,273000.0,281550.0,278500.0,283000.0,279900.0,275450.0,289550.0,310000.0,298000.0,334426.5,335000.0,337795.0,333000.0,339175.0,347400.0,355000.0,352760.0,336540.0,340260.0,355900.0,370000.0,380000.0,389000.0,421540.0,425000.0,418540.0,417540.0,423602.5,420900.0,405832.5,399900.0,414095.0,409900.0,426125.0,401230.0,413290.0,417500.0,414165.0
394761,116,"Lafayette, LA",msa,LA,,,,,,,,,,,,,,262000.0,239900.0,239000.0,234850.0,209656.0,225000.0,223950.0,232650.0,233300.0,223900.0,231907.5,201500.0,244887.5,207977.0,210719.0,213067.5,224000.0,217050.0,209500.0,271450.0,244500.0,214700.0,213323.0,229415.0,242575.0,220267.0,225040.0,232400.0,242400.0,247808.0,241485.0,238000.0,263000.0,263180.0,255800.0,254020.0,258965.0,254900.0,269972.5,267000.0,289500.0,254900.0,273685.0,265000.0,294000.0,262800.0,262000.0,253700.0,260742.5,264500.0,262985.0,261170.0,265500.0,278000.0,259500.0,238500.0
394898,117,"Myrtle Beach, SC",msa,SC,228000.0,224271.0,235000.0,215000.0,239000.0,235628.0,239079.0,240605.5,246250.0,240000.0,241750.0,246382.0,239172.0,221500.0,246000.0,249877.5,239450.0,253490.0,259000.0,243460.0,255025.0,255362.5,243000.0,264105.0,237000.0,243989.5,245000.0,246840.0,247721.0,259995.0,261210.0,269490.0,258000.0,266400.0,269950.0,260924.0,269560.0,272900.0,269950.0,278165.0,279550.0,291730.0,295899.0,311913.5,323054.0,323370.0,320786.0,335000.0,331140.0,354580.0,344345.0,353002.5,355085.0,360457.0,364223.0,368555.0,361925.5,386076.0,367502.0,371800.0,367900.0,350000.0,353493.0,359936.0,364415.0,366208.0,355862.5,360000.0,359740.0
395116,118,"Springfield, MO",msa,MO,,,,,,,,,,,,,,,190869.0,221649.0,251578.0,253078.0,239900.0,217000.0,201100.0,253000.0,263122.5,256450.0,261950.0,239900.0,250166.5,232350.0,255000.0,252450.0,248940.0,256100.0,231300.0,255000.0,219102.5,217000.0,259400.0,257961.5,252934.0,262000.0,256250.0,268877.0,276000.0,281500.0,281971.5,290500.0,296450.0,302325.0,297450.0,305000.0,302900.0,349900.0,315000.0,331873.0,316950.0,330000.0,322500.0,330097.5,324900.0,306200.0,365500.0,289947.5,292450.0,304000.0,311316.0,362450.0,324431.0,317920.0,299950.0
394746,120,"Killeen, TX",msa,TX,205800.0,231313.0,199830.0,249225.0,232000.0,227669.0,222244.0,235000.0,225967.5,209762.5,223400.0,222400.0,196890.0,200299.0,241711.0,226032.5,236075.0,235025.5,261760.0,241755.0,238105.0,246007.5,244537.5,229900.0,239000.0,242950.0,225555.0,231245.0,231712.5,244450.0,245794.0,269538.0,247705.0,263115.0,260190.0,246000.0,241670.0,245650.0,256000.0,234600.0,299950.0,268120.0,269050.0,275950.0,305900.0,357500.0,329900.0,347260.0,337825.0,365870.0,364742.0,368130.0,372450.0,383084.0,379925.0,365000.0,350000.0,355605.5,323450.0,329114.0,323000.0,344900.0,346900.0,328000.0,318536.0,320000.0,299950.0,319000.0,337500.0
394338,121,"Asheville, NC",msa,NC,266171.5,334950.0,320000.0,309000.0,320000.0,295000.0,338400.0,350000.0,336225.0,332000.0,323760.0,293500.0,283000.0,321750.0,323750.0,297500.0,363220.0,338500.0,348500.0,310000.0,345000.0,380000.0,320000.0,330500.0,304500.0,355000.0,360000.0,317934.0,332226.0,314950.0,320000.0,344375.0,369900.0,348250.0,340000.0,352540.0,340000.0,350000.0,339900.0,349000.0,397590.0,382250.0,357391.5,365138.0,377150.0,389027.0,375000.0,379950.0,385000.0,477244.0,382348.5,385000.0,455514.5,425000.0,425925.0,450000.0,410000.0,489577.5,449900.0,398000.0,466210.5,510000.0,413990.0,462500.0,470000.0,491162.5,465470.0,465338.5,480172.5
395244,122,"York, PA",msa,PA,,,,,,,,,,,,,,,,,,,,,,,,,,,250362.5,251000.0,281041.0,261000.0,250486.0,263680.0,263312.0,274717.0,309920.0,306181.5,273670.0,258995.0,291439.5,279215.0,274307.0,336799.0,340742.5,333476.0,331972.0,331499.0,314895.0,341255.0,389745.0,309990.0,330490.0,313270.0,322900.0,333990.0,379990.0,419602.0,427992.5,402450.0,434302.5,450550.0,383764.0,340000.0,373504.5,394540.0,388447.5,370565.0,414695.0,385990.0,408905.0
395048,126,"Salem, OR",msa,OR,302300.0,342450.0,319949.5,298569.0,379950.0,384900.0,380000.0,387450.0,323900.0,378885.0,355000.0,359995.0,350380.0,359210.0,343700.0,348677.5,340000.0,360947.5,355950.0,355000.0,356080.0,363550.0,394950.0,366300.0,349900.0,349900.0,348000.0,352257.0,371435.0,367437.5,394995.0,410520.0,376497.5,382428.0,350000.0,372000.0,367022.5,358207.5,388450.0,378245.0,431740.0,419865.0,415400.0,422280.0,427400.0,435555.0,404900.0,449455.0,478540.0,454000.0,453780.0,445515.0,464352.5,475948.5,503872.5,510400.0,499995.0,496370.0,468447.5,469995.0,469995.0,495672.5,545480.0,520329.0,534950.0,489890.0,473080.0,449180.0,447995.0
394502,129,"Corpus Christi, TX",msa,TX,259999.0,275902.5,249900.0,249990.0,252000.0,285853.0,291419.0,256000.0,248185.5,268045.5,261261.5,255722.0,270500.0,245000.0,263000.0,230277.5,264900.0,277900.0,273340.0,285000.0,270000.0,281749.5,229900.0,310000.0,287800.0,286450.0,300000.0,291073.0,298157.5,299000.0,299000.0,290000.0,330450.0,305000.0,308716.0,303760.0,342105.0,346000.0,329900.0,303950.0,305000.0,338150.0,334900.0,352040.0,326585.0,344895.0,327227.5,325325.0,356950.0,300900.0,341347.5,303835.0,321340.0,331700.0,343125.0,365432.5,338045.0,323345.0,342959.5,370600.0,299045.0,321950.0,314650.0,326950.0,319900.0,410000.0,379999.0,368480.0,346196.5
394612,132,"Fort Wayne, IN",msa,IN,,,,,,,,,,,,,,,,,,,,,,,,,,,,,,,,,,,,,,,,,,,,,,,,,,,,,,,,,,,,,,335700.0,336500.0,343400.0,415404.0,373812.5,346950.0,358783.0,372824.5
394658,133,"Gulfport, MS",msa,MS,200000.0,213934.5,217786.0,238760.0,236816.0,218900.0,229910.0,223340.0,198884.0,188825.0,204725.0,236831.0,206000.0,196900.0,278900.0,229505.5,229900.0,217298.0,220000.0,205185.0,224359.0,239673.5,227727.0,238250.0,213900.0,208528.0,217867.0,194672.5,209254.5,219774.5,230655.0,239480.0,228850.0,251932.0,255753.0,262150.0,231742.5,255900.0,253199.5,267700.0,272075.0,272937.5,270000.0,278740.0,276900.0,281900.0,273132.5,283925.0,285900.0,290400.0,283752.5,294900.0,334150.0,340900.0,318877.5,309250.0,304120.0,303032.0,298900.0,309490.0,299900.0,303000.0,302130.0,294900.0,303000.0,300900.0,315085.0,289950.0,290900.0
395051,134,"Salisbury, MD",msa,DE,299827.0,324900.0,351335.0,395285.0,369892.5,372881.0,351112.0,316703.5,319315.5,307107.5,315515.0,332162.5,300000.0,291100.0,330900.0,342157.0,292333.0,306223.5,300490.0,315000.0,292665.0,351485.0,343450.0,299950.0,299990.0,288995.0,310888.5,268885.0,288240.0,316995.0,325000.0,313895.0,302895.0,299540.0,371145.0,335000.0,303150.0,372065.0,355000.0,394758.0,384086.0,396938.0,349490.0,389990.0,435238.0,415000.0,489835.0,508530.0,487435.0,533613.0,450000.0,512500.0,509008.0,543188.0,593011.0,483817.5,546255.0,502990.0,549995.0,533890.0,589000.0,518286.0,505000.0,578497.5,450000.0,536000.0,499990.0,530667.5,489900.0
395070,138,"Savannah, GA",msa,GA,223098.0,220300.0,227990.0,217352.0,228950.0,250371.0,241000.0,224000.0,235020.0,260000.0,236828.0,255972.5,227194.0,240000.0,216222.0,234629.0,222900.0,257450.0,251672.0,256900.0,238250.0,253351.0,246340.0,269936.5,240000.0,241500.0,265400.0,266200.0,253150.0,255950.0,259425.0,274812.5,253147.0,274490.0,273504.0,278165.0,297541.0,259248.0,279900.0,274000.0,268000.0,293465.0,271354.0,279496.0,295000.0,296900.0,309598.0,318825.0,320265.0,349021.0,325532.5,345453.0,340000.0,330990.0,360000.0,358805.0,360000.0,371125.0,377225.0,370990.0,374925.0,377900.0,382742.0,381990.0,373990.0,380400.0,384950.0,381989.5,354285.0
395096,141,"Shreveport, LA",msa,LA,,,,,,,,,,,,,,,,,,,,,,,,,,,,,,,,,,,,,,,,,,,,,,261900.0,306000.0,307847.5,291859.0,289199.0,289000.0,319500.0,295027.5,331587.0,287075.0,317500.0,271110.0,283000.0,329600.0,323612.5,301382.5,331900.0,322595.0,331432.5,301850.0,330150.0,335553.0,325020.0,294885.0
394875,143,"Montgomery, AL",msa,AL,,,,,,,,,,,,,,,,,,,,,,,,,,,,,,,,,,,,,,,,,,,,,,,,,,,,,,,,,,,,,,351861.0,339900.0,364900.0,369837.5,367400.5,349900.0,347000.0,359900.0
395146,145,"Tallahassee, FL",msa,FL,283450.0,276760.0,315000.0,282400.0,316200.0,289000.0,298889.0,281226.5,272900.0,315000.0,275600.0,264900.0,264800.0,255300.0,333666.5,271100.0,255900.0,286200.0,321050.0,275000.0,319397.5,274200.0,269900.0,294900.0,279900.0,282500.0,269900.0,280000.0,278290.0,297400.0,269250.0,272950.0,298900.0,273200.0,295000.0,284200.0,282507.0,305897.0,297485.5,308430.5,296800.0,314900.0,305087.0,318700.0,326450.0,339806.0,324900.0,328900.0,352937.5,364900.0,365000.0,337650.0,350075.0,369900.0,375000.0,355000.0,371775.0,390770.0,359900.0,363000.0,391562.0,382970.0,358275.0,366400.0,384900.0,320165.0,358900.0,320507.5,334037.5
394901,147,"Naples, FL",msa,FL,732520.0,491967.5,507637.0,422860.0,425000.0,462490.0,403717.5,409125.0,396742.0,388320.0,450094.0,435000.0,386250.0,429000.0,362848.0,414000.0,416500.0,475000.0,407447.5,440000.0,385000.0,356084.5,389995.0,383500.0,412500.0,343047.0,378000.0,396397.5,452500.0,335000.0,411000.0,452000.0,441000.0,396905.0,472932.0,563450.0,390865.0,500000.0,475000.0,477500.0,506389.0,426554.0,599000.0,470000.0,550000.0,460300.0,555000.0,576806.0,656933.0,505000.0,542670.0,660000.0,648292.0,599450.0,607500.0,649913.0,640000.0,653360.0,609050.0,627990.0,639699.5,569996.0,610000.0,629320.0,645000.0,625000.0,592623.5,580000.0,623079.0
394927,149,"Ocala, FL",msa,FL,177300.0,199400.0,208850.0,199900.0,200000.0,199600.0,205150.0,185000.0,214990.0,218400.0,205495.0,205990.0,206100.0,188990.0,196400.0,205000.0,199994.5,206490.0,183250.0,183000.0,178645.0,175000.0,175000.0,192990.0,173900.0,176445.0,167500.0,169950.0,174900.0,175000.0,169900.0,177000.0,179900.0,184950.0,179900.0,199950.0,178100.0,188200.0,192000.0,205995.0,203900.0,215500.0,211376.0,230000.0,248900.0,239000.0,259000.0,260000.0,259900.0,267360.0,282105.0,285000.0,294900.0,302000.0,299900.0,280000.0,297500.0,299900.0,289041.0,296990.0,279900.0,279000.0,287500.0,287300.0,280000.0,287600.0,289000.0,289900.0,289990.0
394679,150,"Hickory, NC",msa,NC,,,,,,,,,,,,,,,,,,,,,,,,,,,,,,259500.0,237000.0,260000.0,277000.0,286000.0,297000.0,321195.0,310490.0,251250.0,230000.0,315912.5,252949.0,245000.0,334614.5,262500.0,319535.0,347450.0,353188.0,318800.0,270000.0,271495.0,272000.0,286000.0,337500.0,320000.0,357250.0,329000.0,305000.0,317500.0,331000.0,323289.0,372290.0,315000.0,357372.5,347645.0,363335.0,330000.0,367945.0,355000.0,355000.0
394602,152,"Fort Collins, CO",msa,CO,402388.5,416025.0,417668.5,414431.0,405470.0,415677.0,400000.0,412500.0,460000.0,438950.0,442000.0,413500.0,439973.0,414450.0,441895.0,414225.0,415000.0,408848.5,453470.0,449950.0,434875.0,419600.0,435000.0,429364.5,456631.5,416079.0,400889.0,423900.0,414295.0,413207.5,398912.5,424178.5,452099.0,446328.0,425612.5,445400.0,470632.0,440765.0,454085.0,444297.0,471900.0,448750.0,477251.5,483563.0,497355.0,515682.5,529509.0,525830.0,547707.5,569758.5,607082.0,600400.0,591379.0,626456.0,607594.0,554500.0,575000.0,573750.0,592500.0,538245.0,568206.5,520402.5,510320.0,516190.0,498966.0,520150.0,518750.0,527050.0,554808.5
394796,154,"Lincoln, NE",msa,NE,275500.0,285795.5,273000.0,279950.0,282900.0,304500.0,322500.0,301475.0,283000.0,270000.0,286250.0,290000.0,289520.5,257000.0,295000.0,296725.0,334950.0,279000.0,283647.5,316291.0,301722.0,328384.5,329136.0,309900.0,322312.5,289533.5,319900.0,316020.0,311000.0,314958.0,327000.0,318000.0,291000.0,316645.0,360500.0,343950.0,321900.0,291160.0,343598.5,338118.0,379332.5,355500.0,347668.5,377585.0,369845.0,392500.0,392025.0,382000.0,383931.5,395864.0,395761.5,393800.0,419575.0,412000.0,409463.5,379540.0,420700.5,384950.0,402513.0,392000.0,429405.0,398000.0,397829.0,392038.0,452276.5,393793.5,404533.0,375474.5,400900.0
394622,155,"Gainesville, FL",msa,FL,,,,,,,,,,,314850.0,282154.0,247900.0,262000.0,248900.0,242200.0,249990.0,269990.0,248745.0,292560.0,319866.0,269000.0,292983.0,251671.0,261250.0,265750.0,258202.5,259500.0,244490.0,336530.0,295000.0,285495.0,274990.0,313750.0,289176.0,287495.0,318026.5,320777.0,289551.5,311740.0,361725.0,304200.0,319200.0,353990.0,332500.0,341250.0,317490.0,335000.0,376990.0,326177.5,346990.0,353846.5,363490.0,400577.5,412652.5,415550.0,387557.0,385075.0,385000.0,439750.0,322495.0,332990.0,406645.0,398152.0,381990.0,399530.0,389000.0,399945.0,408870.0
394405,156,"Boulder, CO",msa,CO,,,,,,,,,,,,,,,,,,,,,,,,,,,,,,,,,,,,,,,,,,,,,,,,,,,,,,,,,,,,,,,,,,1058225.5,678334.5,806750.0,756252.0
394488,158,"Columbus, GA",msa,GA,,,,,,,,,,,,,,,,,,,,,,,,,,,,,,,,,,,,,,,,,,271230.0,282445.0,289914.0,329950.0,315000.0,313900.0,330825.0,349900.0,389900.0,351125.0,380000.0,392750.0,392225.0,426000.0,379900.0,409900.0,372750.0,402200.0,371575.0,438000.0,343000.0,360600.0,360562.5,361400.0,374900.0,402020.5,345300.0,352033.5
395109,160,"Spartanburg, SC",msa,SC,159990.0,163000.0,182087.5,182990.0,175890.0,185000.0,185747.5,191898.0,217945.0,197500.0,197375.0,199900.0,197522.5,183950.0,193000.0,198695.0,204900.0,204846.0,204319.0,210070.5,208483.0,209900.0,200000.0,215250.0,200900.0,209702.5,221247.5,197000.0,217530.0,220900.0,209900.0,219213.5,218761.0,226987.5,224043.0,230416.0,219445.0,215000.0,243000.0,234597.0,231990.0,228700.0,241960.0,243900.0,252740.0,259100.0,254968.0,268000.0,262240.0,281500.0,284060.0,288745.0,294490.0,307042.0,304950.0,304999.0,308990.0,290912.5,313490.0,290000.0,284900.0,288900.0,288900.0,286900.0,300000.0,304900.0,312450.0,288803.0,297665.0
394645,161,"Greeley, CO",msa,CO,355850.0,366920.0,381000.0,361047.5,365500.0,373657.5,368720.0,373222.5,366260.0,385000.0,380010.0,386085.0,386390.0,350625.0,359625.0,373873.0,368775.0,376030.0,374738.5,366920.5,383476.0,383076.0,395000.0,390095.0,408182.5,395000.0,400375.0,417000.0,411560.0,418995.0,413450.0,423950.0,435700.0,397780.0,421167.0,427647.0,429900.0,425700.0,443575.0,462045.0,462525.0,481900.0,460262.5,464894.0,473900.0,508000.0,506163.0,513720.0,547672.0,468902.5,525102.5,501858.0,530415.0,535000.0,538080.0,538450.0,501175.0,511750.0,540000.0,521800.0,514900.0,500000.0,510195.0,514995.0,533500.0,539900.0,508472.0,519950.0,514265.0
394808,162,"Lubbock, TX",msa,TX,,,,,,,,,,,,,,,,,,,,,,,,,,243450.0,294900.0,292450.0,286450.0,287025.0,296500.0,266699.5,319900.0,358000.0,300633.0,357419.5,340000.0,274950.0,307587.5,268430.5,311425.0,295155.0,302810.0,326762.0,317995.0,337982.0,322811.0,305000.0,293495.0,300000.0,358045.0,354500.0,310500.0,305777.0,334000.0,373000.0,314950.0,306450.0,300000.0,352225.0,324357.5,280200.0,298992.0,318000.0,310000.0,312887.0,301250.5,349000.0,313587.5
394471,163,"Clarksville, TN",msa,TN,180000.0,215950.0,189450.0,223025.0,219950.0,239900.0,229900.0,229900.0,219945.0,227225.0,223200.0,247880.0,244900.0,229945.0,240736.0,233600.0,245300.0,244900.0,255395.0,254900.0,259895.0,237000.0,262900.0,260000.0,254900.0,263990.0,256500.0,255500.0,264900.0,269900.0,259500.0,256900.0,254900.0,260900.0,270000.0,265450.0,277050.0,260000.0,261900.0,274900.0,287400.0,286000.0,302848.0,299700.0,322500.0,310000.0,336000.0,336900.0,332500.0,342000.0,340450.0,361900.0,360877.5,351750.0,366000.0,362450.0,365700.0,359900.0,385000.0,331250.0,375450.0,377250.0,335000.0,360000.0,359900.0,334900.0,334900.0,349450.0,311400.0
394741,168,"Kennewick, WA",msa,WA,329000.0,336250.5,328807.0,359227.0,346750.0,394330.0,375000.0,407073.0,348994.5,349000.0,338528.5,404000.0,447908.0,356355.0,323264.5,383340.0,384000.0,393450.0,360537.0,418824.0,375000.0,418706.0,447692.5,388575.0,375000.0,354513.5,365000.0,346616.0,321525.0,421195.0,364351.0,414110.0,467850.0,380850.0,364850.0,361800.0,393500.0,405000.0,410000.0,410850.0,415487.0,391850.0,432051.0,454180.0,436997.0,443901.5,462010.5,564000.0,499200.0,539000.0,530007.5,504850.0,488057.5,501450.0,515251.0,526483.0,580261.0,518500.0,539445.0,545102.0,561643.5,523130.0,552900.0,534000.0,518750.0,514155.0,504850.0,482425.0,467320.0
394660,170,"Hagerstown, MD",msa,MD,,,,,,,,,,,,,,,,,,,,,,,,,,247450.0,239950.0,232250.0,226700.0,240000.0,224900.0,255000.0,258972.5,269990.0,270000.0,280900.0,288900.0,275000.0,298450.0,287900.0,310000.0,283900.0,316000.0,304940.0,322450.0,327450.0,335190.0,340960.0,330900.0,358219.0,342382.5,335000.0,335000.0,370997.5,393592.5,357400.0,330000.0,372835.0,319495.0,348990.0,312990.0,340000.0,349900.0,325145.0,349995.0,337500.0,353670.0,349900.0,324057.5
395229,174,"Wilmington, NC",msa,NC,281500.0,302000.0,295750.0,303332.5,322000.0,314250.0,318000.0,341000.0,311250.0,300000.0,358750.0,365000.0,342000.0,295000.0,300000.0,344417.5,347000.0,325000.0,319000.0,332500.0,349900.0,308657.5,357075.0,355339.0,256637.5,295200.0,310000.0,371670.5,338550.0,319000.0,320431.0,343006.0,339040.0,342350.0,349900.0,319900.0,299000.0,317575.0,343500.0,359000.0,344500.0,336000.0,326494.0,382750.0,367161.0,360371.0,395790.0,421750.0,386390.0,432755.0,392114.0,407060.0,436280.0,471820.0,432900.0,456833.5,468000.0,493616.5,486164.0,507750.0,416443.0,487085.0,501500.0,473000.0,469900.0,495900.0,500777.5,479000.0,520000.0
753875,176,"Crestview, FL",msa,FL,339600.0,315687.5,377412.0,312800.0,403000.0,416063.0,347600.0,339900.0,358501.0,330000.0,347550.0,320000.0,278400.0,283900.0,324900.0,340475.0,353020.0,344900.0,338400.0,399800.0,352434.0,328197.5,326500.0,368900.0,349900.0,335950.0,335000.0,369900.0,329500.0,418900.0,449900.0,490150.0,479000.0,414533.5,422616.0,380900.0,342700.0,311786.0,350000.0,411900.0,445000.0,384450.0,368500.0,431364.0,378450.0,476853.5,426900.0,400000.0,460900.0,399495.0,438336.0,398200.0,414100.0,461745.0,479900.0,484644.0,423750.0,459900.0,512937.5,449900.0,425000.0,449450.0,394900.0,419308.5,431000.0,425000.0,394000.0,399900.0,411555.0
395197,178,"Waco, TX",msa,TX,,,,,,,,,,,,,,,,,,,,,,,,,,,,,,,,,,,,,,,,,,,,,,,,,,,,,,,,,,,,,,325500.0,354500.0,314498.0,361970.0,309900.0,308000.0,348450.0,295725.0
394447,179,"Cedar Rapids, IA",msa,IA,,,,,,,,,,,,,,,,,,,,,,,,,,,,,,,,,,,,,,,,,,,,,,,,,,,,,,,,,,,,,,,,,357495.0,389900.0,352500.0,352990.0,376969.0
394412,181,"Bremerton, WA",msa,WA,,,,,,,,,,,,,,,,,,,,,,,,,,,,,519950.0,428580.875,481888.0,484000.0,451925.0,479950.0,457500.0,445900.0,468888.0,497500.0,507174.0,509950.0,544950.0,499950.0,525000.0,509950.0,509900.0,512900.0,599950.0,521475.0,585950.0,629975.0,599950.0,643888.0,603450.0,641627.0,629018.5,599900.0,599834.5,659000.0,569970.0,562225.0,593500.0,526156.0,554970.0,629670.5,570040.0,574950.0,599970.0,599990.0,624990.0
394811,191,"Lynchburg, VA",msa,VA,,,,,,,,,,,,,,,,,,,,,,,,,,,,,,,,,,,,,,,,,,,,,,,,,,,,,,,,,,,,,,317970.0,322200.0,356900.0,359900.0,344400.0,333250.0,340450.0,362950.0
394585,194,"Fargo, ND",msa,ND,,,,,,,,,,,,,,,,,,,,,,,,,,,,,,,,,,,,,,,,,,,,,,,,,,,,,,,,,,,,,,,395490.0,370275.0,351640.5,396300.0,367586.5,404000.0,399999.0
845160,198,"Prescott Valley, AZ",msa,AZ,302954.0,301775.0,320920.5,320816.0,327000.0,320148.0,392752.0,385383.5,384567.0,419000.0,379762.5,347557.0,368816.0,311300.5,337600.0,392000.0,442500.0,407635.0,374900.0,425000.0,399000.0,529500.0,439773.0,423442.0,431000.0,403950.0,417490.0,434001.0,404900.0,416100.0,397075.0,482500.0,422071.0,461922.5,417081.0,479900.0,395000.0,459000.0,465000.0,468197.5,545730.0,508000.0,475000.0,599000.0,670000.0,599154.0,614335.0,505000.0,627500.0,570259.5,680000.0,599000.0,636912.0,479000.0,612000.0,585000.0,611941.0,696740.0,742240.0,732969.0,629518.0,543000.0,594500.0,602671.0,693180.0,514200.0,599950.0,699310.0,544352.5
394813,200,"Macon, GA",msa,GA,,,,,,,,,,,,,,,,,,,,,,,,,,,,,,,,,,,,,,,,,,,,,,,,,,,,,,,,,,,,,,,,,,279900.0,290950.0,265300.0,287000.0
394519,203,"Daphne, AL",msa,AL,235250.0,239900.0,236900.0,263000.0,238000.0,254095.0,242805.0,250000.0,246000.0,229900.0,245900.0,209900.0,216225.0,250000.0,267267.5,226900.0,235500.0,244375.0,233862.5,236675.0,232212.5,295900.0,287245.0,370000.0,273895.0,267175.0,254592.5,242933.0,241450.0,248717.5,262000.0,315575.5,260000.0,270147.5,261750.0,294327.5,256950.0,264200.0,264612.0,295000.0,267260.5,263102.5,289030.0,279875.0,280585.0,301688.5,307755.0,323700.0,310252.0,311505.0,317252.0,321177.5,328082.5,337080.0,359900.0,369110.0,349900.0,339616.0,367755.0,389025.0,357353.0,363410.0,365000.0,390340.0,387540.5,371135.0,351695.5,351061.0,346597.5
394378,205,"Bellingham, WA",msa,WA,,,,,,,,,,,,,,,,,,,,,,,,,,,,,,,,,,,,,,,,,,,,,,,,,,,,,,,,,,,,,,,,,,,,586500.0,664775.0
394848,210,"Medford, OR",msa,OR,,,,,,,,,,,,,,,,,,,,,,,,,,,,,,,,,,,,,,,,,,,,,,,,,,,,,,,,,,,,484990.0,415000.0,424600.0,449252.5,462500.0,419450.0,425807.0,409900.0,405888.0,493385.0
394459,212,"Charlottesville, VA",msa,VA,,,,,,,,,,,,,,,,,,,,,,,,,,,,,,,,,,337480.0,510169.0,360800.0,489322.0,467345.0,447180.0,442382.5,422389.0,431990.0,450825.0,394227.5,493599.0,445855.5,472674.0,462000.0,495015.0,535233.5,506875.0,526829.0,474862.0,472867.5,486741.0,489508.0,489900.0,500530.5,414840.0,459920.0,488869.0,478930.0,467245.5,479230.0,535000.0,525788.0,494292.0,560000.0,516965.0
394681,216,"Hilton Head Island, SC",msa,SC,352620.0,310320.0,271496.0,319900.0,309757.5,312805.0,347000.0,301970.0,293500.0,335870.0,334417.5,298330.0,271995.0,308000.0,272750.0,303990.0,333104.0,363015.0,329995.0,322000.0,342790.0,420365.0,334990.0,364585.0,373248.0,327241.5,353500.0,356352.5,357990.0,375000.0,327140.0,329990.0,324820.0,323945.0,368990.0,372010.0,360000.0,371015.0,330795.0,354595.0,316269.5,362990.0,365958.0,348747.5,355750.0,427190.0,390805.0,396515.0,375437.0,392150.0,422944.0,436303.0,428950.0,420860.0,440215.0,421890.0,410000.0,439990.0,407238.5,425935.0,410982.5,458172.5,440385.0,492495.0,460400.0,455955.0,424155.0,508415.5,467877.5
394346,217,"Athens, GA",msa,GA,245630.0,265000.0,315900.0,296816.0,296450.0,298500.0,296834.0,283200.0,210800.0,251650.0,274575.0,280000.0,157875.0,249900.0,278800.0,265000.0,323450.0,279750.0,277900.0,232450.0,324900.0,234900.0,227900.0,250900.0,251900.0,240000.0,247900.0,249900.0,260000.0,238060.0,249900.0,244900.0,264000.0,236900.0,231900.0,249900.0,247900.0,255900.0,266950.0,309455.0,286282.5,309900.0,303553.5,276400.0,299900.0,322450.0,320900.0,329243.0,377400.0,329900.0,349900.0,374200.0,349900.0,399900.0,450000.0,359900.0,408630.0,386715.0,395280.0,390990.0,541955.5,349900.0,369900.0,379000.0,376500.0,365000.0,371900.0,387400.0,399900.0
394765,218,"Lake Havasu City, AZ",msa,AZ,188000.0,116625.0,217782.5,229986.0,235000.0,290000.0,275000.0,340437.5,267000.0,255492.5,283222.5,313874.5,307042.0,233772.5,244900.0,282000.0,295000.0,249900.0,359900.0,277555.0,309836.0,279699.0,294000.0,269000.0,252547.5,242267.5,280892.0,279252.0,299000.0,288313.5,319784.0,220240.0,279900.0,246600.0,281270.0,285375.0,265151.0,301172.0,296762.5,250660.0,290000.0,258300.0,290509.5,299450.0,301523.0,319000.0,325000.0,302000.0,279900.0,344100.0,341000.0,319900.0,430000.0,354544.0,374900.0,349900.0,314470.0,337348.0,329000.0,264990.0,295000.0,268384.0,270990.0,341400.0,299000.0,323450.0,373345.0,310745.0,316600.0
394485,219,"Columbia, MO",msa,MO,,,,,,,,,,,,,,,,,,,,,,,,,,,,,,,,,,,,,,,,,,,,,,,,,,,,,,,,,,,,,,367000.0,324700.0,320000.0,327925.0,366250.0,375000.0,349062.5,396000.0
394623,226,"Gainesville, GA",msa,GA,193900.0,240136.5,255000.0,282900.0,256764.5,239900.0,268405.5,250125.0,275450.0,232500.0,275000.0,286565.0,260000.0,286000.0,268908.0,263074.5,298900.0,297000.0,308000.0,280000.0,267165.0,281725.0,271617.5,299900.0,298500.0,294665.0,288348.5,293990.0,291940.0,297500.0,301900.0,294950.0,291900.0,298957.0,318832.5,318422.0,348912.0,309250.0,321890.0,321329.0,359100.0,350000.0,349900.0,355492.5,358062.5,342200.0,369000.0,413974.5,438900.0,438374.5,463605.5,407900.0,499088.0,551783.0,510035.0,564000.0,388990.0,406000.0,422450.0,390510.0,416500.0,431094.5,440200.0,450842.0,499938.0,458142.5,415000.0,452823.0,406806.0
394716,227,"Jacksonville, NC",msa,NC,172000.0,190500.0,201000.0,198000.0,204500.0,200000.0,198500.0,214500.0,239000.0,202000.0,202000.0,208500.0,201000.0,195000.0,202000.0,211000.0,200000.0,218500.0,202000.0,208000.0,199000.0,188000.0,227000.0,226000.0,212000.0,200000.0,213500.0,203000.0,222000.0,219000.0,225250.0,230000.0,233000.0,216500.0,226000.0,267400.0,228500.0,216950.0,228500.0,239600.0,265250.0,245000.0,251712.5,245000.0,242442.5,268900.0,268450.0,278500.0,283900.0,264500.0,294900.0,276484.5,290500.0,300000.0,326500.0,310000.0,301000.0,298000.0,319000.0,330000.0,309995.0,320750.0,335500.0,307900.0,340400.0,326000.0,345950.0,337900.0,339900.0
394597,228,"Florence, SC",msa,SC,,,,,,,,,,,,,,,,,,,,,,,,,,,,,,,,,,,,,,,,,270000.0,288700.0,260000.0,218000.0,253489.0,277250.0,235280.0,272740.0,297046.5,242800.0,273260.0,266450.0,282245.0,276750.0,273000.0,287819.5,295145.0,269945.0,299950.0,288664.0,284990.0,290000.0,300080.0,270000.0,279900.0,322445.0,292000.0,302490.0,285760.0
394380,232,"Bend, OR",msa,OR,358450.0,345000.0,349950.0,377187.0,402490.0,389900.0,399990.0,412139.0,378924.5,395672.0,382605.0,400000.0,362571.0,419950.0,406697.5,411560.5,434315.0,405786.5,422450.0,450495.0,439277.0,418950.0,416450.0,444495.0,387046.5,383950.0,449900.0,406565.0,399990.0,399995.0,467000.0,493730.0,411972.5,425000.0,455250.0,418486.5,398747.0,404100.0,471640.0,445000.0,443828.0,455238.0,438316.0,519782.5,485000.0,543854.0,484977.0,551641.0,531058.88,601807.5,649900.0,545090.0,555000.0,552505.0,546514.0,659900.0,652790.0,619900.0,650475.0,644737.5,694900.0,569995.0,566995.0,614500.0,607445.0,589997.5,601696.0,655260.5,597872.5
395202,234,"Warner Robins, GA",msa,GA,211394.0,209021.0,217888.0,222900.0,227300.0,219900.0,219900.0,219894.0,216900.0,244024.0,256400.0,235825.0,215400.0,227888.0,225388.0,223399.5,219894.0,222572.0,237850.0,216400.0,271200.0,250800.0,235544.0,228500.0,220500.0,265900.0,250900.0,258900.0,227602.5,200377.5,269864.0,244900.0,241413.0,234250.0,263450.0,297960.0,283000.0,268900.0,236990.0,274900.0,248648.0,275900.0,283700.0,255640.0,257600.0,262731.0,257898.0,273464.0,291900.0,278000.0,317500.0,298890.0,317095.5,339350.0,330050.0,365450.0,299900.0,290000.0,308776.5,328850.0,307102.5,355000.0,288617.5,307975.0,339200.0,304900.0,292500.0,295125.0,297192.0
395009,237,"Punta Gorda, FL",msa,FL,209450.0,225000.0,230950.0,254100.0,309000.0,237475.0,227500.0,219000.0,221900.0,242350.0,270900.0,239650.0,214072.5,234850.0,239950.0,230950.0,225000.0,219615.0,232000.0,227020.0,237665.0,239000.0,245000.0,246800.0,235000.0,230195.0,252000.0,252500.0,229975.0,229900.0,239150.0,257389.5,237995.0,274900.0,257711.0,265000.0,258122.5,306975.0,266934.0,280900.0,255459.0,289945.0,303292.5,299000.0,328450.0,325000.0,349900.0,370100.0,350000.0,349900.0,347900.0,359900.0,361796.0,359900.0,374900.0,394000.0,372500.0,389900.0,420000.0,389450.0,367795.0,361968.5,359000.0,366512.5,366750.0,373500.0,372800.0,364513.0,359850.0
394960,242,"Panama City, FL",msa,FL,230037.5,249900.0,239900.0,239000.0,262500.0,260500.0,246337.5,263900.0,312162.5,258250.0,285000.0,265000.0,276600.0,254900.0,249900.0,277500.0,265000.0,265287.5,261700.0,282900.0,315715.0,315000.0,282500.0,291276.0,306000.0,299000.0,289875.0,282021.0,271400.0,268100.0,268400.0,258375.0,270375.0,301337.5,280237.5,283662.5,261043.75,283175.0,280687.5,326125.0,339200.0,330000.0,368997.0,373000.0,351575.0,335922.0,349000.0,341943.0,349893.0,344200.0,343556.0,349494.0,389477.0,379900.0,359650.0,384977.0,444300.0,410700.0,402400.0,428900.0,415000.0,365000.0,438360.0,416200.0,385950.0,355900.0,379939.0,397050.0,386700.0
394406,248,"Bowling Green, KY",msa,KY,,,,,,,,,,,,,,,,,,,,,,,,,,,,,,,,,,,,,,,,,,,,,,269700.0,262450.0,248500.0,232450.0,258192.5,259900.0,296980.0,274000.0,290820.0,279900.0,282598.5,265400.0,292450.0,324802.5,287400.0,289950.0,275000.0,291750.0,282250.0,277000.0,282750.0,312000.0,313794.0,314950.0
394707,252,"Iowa City, IA",msa,IA,,,,,,,,,,,,,,,,,,,,,,,,,,,,,,,,,,,,,,,,,,,,,,,,,,,,,,,,,,,,,,339973.0,352400.0,378645.0,365900.0,370900.0,334900.0,359900.0,364900.0
394351,253,"Auburn, AL",msa,AL,,,,,,,,,,,,,,,,,,,,,,,,,,,,,300950.0,295388.0,274900.0,276123.5,278900.0,276000.0,348934.5,333900.0,316537.0,282134.5,288300.0,293599.5,304877.0,320150.0,299000.0,314429.5,336457.0,326426.5,329823.0,348200.0,295676.0,337500.0,315235.0,344047.0,384797.5,385000.0,346606.0,351990.0,352113.5,391853.5,409025.0,377382.0,434999.5,376900.0,356500.0,365900.0,372427.0,416910.0,415529.0,368170.0,387260.0
394651,259,"Greenville, NC",msa,NC,,,,,,,,,,,,,,,,,,,,,,,,224530.0,200750.0,228252.5,226500.0,241000.0,227415.0,252730.0,253366.5,245900.0,241055.0,268530.0,228565.0,246500.0,287400.0,266125.0,266090.0,280197.5,275612.5,280132.5,300745.0,292198.0,287637.5,293995.0,291650.0,310000.0,305832.5,311990.0,311900.0,311890.0,313730.0,342900.0,339000.0,342450.0,329500.0,337470.0,328995.0,334939.5,320950.0,303995.0,306990.0,332500.0,367820.0,329600.0,341500.0,355000.0,308115.0
394428,260,"Burlington, NC",msa,NC,,,,,,,,,,,,,,,,,,,,,,,,,,,,,,,,,,,,,,,,,,,,,,,,,,,,,,,,,,,,,,,361440.0,350490.0,360527.5,347740.0,323469.5,348575.0,359062.0
394685,289,"Homosassa Springs, FL",msa,FL,,,,,,,,,,,,,,,,,,,,,,,,,,,,,,,,,,,243800.0,190990.0,184900.0,190000.0,200995.0,204995.0,220000.0,222450.0,237300.0,279000.0,243900.0,230000.0,241500.0,229900.0,235495.0,250000.0,250990.0,269950.0,260000.0,269900.0,279900.0,292400.0,278450.0,275990.0,274900.0,284500.0,286000.0,268700.0,269950.0,288600.0,270590.0,269990.0,269950.0,285000.0,282989.0
395036,303,"Rocky Mount, NC",msa,NC,,,,,,,,,,,,,,,,,,,,,,,,,,,,,,,,,,,,,,,,,,,,,,,,,,,,,,,,,,,,,,,276500.0,309450.0,297595.0,316045.0,301750.0,301950.0,304950.0
395094,319,"Sherman, TX",msa,TX,,,,,,,,,,,,,,,,,,,,,,,,,,,,,,,,,,,,,,,,,,,,,,390000.0,340000.0,337500.0,437948.5,268500.0,402887.0,329495.0,358709.0,401921.5,406271.5,366853.0,477500.0,460000.0,379290.0,354290.0,353895.0,341187.5,343800.0,337746.5,343000.0,439000.0,372490.0,379000.0,373382.5
394661,325,"Hammond, LA",msa,LA,,,,,,,,,,,,,,,,,,,,,,,,,,,,,,,,,,,,,,,,,,,,,,,,,,,,,,,,,,,,,,,224095.0,240000.0,224825.0,218915.0,231850.0,238000.0,236900.0
394474,334,"Cleveland, TN",msa,TN,,,,,,,,,,,,,,,,,,,,,,,,,,,,,,,,,,,,,,,,,,,,,,,,,,,310725.0,300000.0,354338.5,337005.0,350000.0,364900.0,330902.5,362350.0,306190.0,327000.0,352975.0,346300.0,318825.0,325000.0,382500.0,350000.0,367000.0,346700.0,286500.0
394905,341,"New Bern, NC",msa,NC,,,,,,,,,,,,,,,,,,,,,,,,,,,,,,,,,,,,228500.0,222490.0,223020.0,237500.0,238500.0,242500.0,247000.0,247250.0,253750.0,248250.0,271390.0,291195.0,268490.0,335000.0,287745.0,310450.0,296540.0,292225.0,320000.0,323565.0,330040.0,312400.0,306775.0,313750.0,320328.0,337000.0,344490.0,336490.0,324870.0,324000.0,332490.0,356000.0,337845.0,347115.0
753912,398,"Pinehurst, NC",msa,NC,253526.0,269900.0,269500.0,295000.0,307950.0,315000.0,290000.0,293313.0,295407.0,289500.0,299750.0,285000.0,274950.0,269000.0,316000.0,290000.0,301954.0,273942.0,326500.0,303500.0,301750.0,289582.0,302528.0,322642.0,295000.0,295705.5,326000.0,318466.0,309737.5,329900.0,313060.0,322500.0,309750.0,351067.0,328452.0,338530.0,295417.5,322615.0,333000.0,316250.0,329000.0,333900.0,320500.0,385592.0,395000.0,390000.0,399500.0,416000.0,365289.5,431626.0,385000.0,435000.0,373000.0,459600.0,417250.0,447516.0,442500.0,427475.0,431950.0,389950.0,376495.0,415800.0,429900.0,420000.0,419000.0,413500.0,442060.0,435000.0,373590.0
395086,402,"Sevierville, TN",msa,TN,,,,,,,,,,,,,,,,,,,,,,,,,,,,,,,,,,,,,,,,,,,,,,,,,,,,,,,,,,,,,,,,,690000.0,897000.0,711975.0,621500.0,725000.0
394682,449,"Hinesville, GA",msa,GA,,,,,,,,,,,,,,,,,,,,,,,,,,,,,,,,,,,,,,,220995.0,223060.0,220900.0,219370.0,217925.0,256797.5,241995.0,264744.5,244838.5,255000.0,241700.0,265000.0,278973.0,283618.5,304395.0,308472.5,277925.0,293200.0,289990.0,279438.0,285650.0,258650.0,270700.0,251500.0,257000.0,266137.5,268625.0,268000.0,275950.0,287741.0,265692.5
394674,467,"Heber, UT",msa,UT,,,,,,,,,,,,,,,,,,,,,,,,,,,,,,1422500.0,2395000.0,1422500.0,1563100.0,1297000.0,1177036.5,914500.0,600000.0,773841.0,1014312.5,1011583.0,798802.0,1005080.0,950000.0,792069.0,1034465.0,1845564.0,1264593.0,1375000.0,1315000.0,1120000.0,1377174.5,999900.0,1590000.0,1525885.5,1534841.0,1223984.5,1298173.0,1144903.0,1512000.0,1578105.0,1465734.0,1300000.0,1192745.0,1275000.0,1053344.5,1444589.0,1615025.0,1142135.0,1819932.5
753893,477,"Jefferson, GA",msa,GA,215000.0,204900.0,236450.0,225065.0,239900.0,220089.0,210450.0,198900.0,264795.5,238000.0,219000.0,250242.5,247274.0,239545.0,274400.0,267720.5,277450.0,246044.0,247614.0,245290.0,266575.5,235000.0,257868.5,245695.0,263462.5,270703.0,254900.0,259540.0,283516.5,275809.5,292900.0,289900.0,276512.0,299202.0,298006.0,314577.0,305970.0,302265.0,295917.5,308025.0,279740.0,272400.0,282290.0,312500.0,324800.0,308825.0,358000.0,399990.0,399990.0,438192.0,375000.0,382000.0,410000.0,454995.0,418017.5,429400.0,499450.0,453860.5,399990.0,404900.0,385400.0,390000.0,406590.0,440000.0,402900.0,411660.0,405945.0,425000.0,444950.0
394309,526,"Albemarle, NC",msa,NC,,,,,,,,,,,,,,,,,,,,,,,,,,,,,,,,,,,,,,,,,,,,,,,,,,,,,,,,,,,,,,,365158.0,345516.5,307597.5,389381.0,307450.0,307635.0,367732.5
845162,535,"Granbury, TX",msa,TX,,,,,,,,,,,,,,,,,,,,,,,,,,,,,,,,,,,,,,,,,,,,,,,,,,,,,,,,,,,,,,,370270.0,334045.0,371537.5,394655.0,382330.0,370000.0,297750.0
